,productsku,fullvisitorid,tot_interest,product_name
0,GGOEGAAX0330,3963931733144286855,1.5,YouTube Men's Long & Lean Tee Charcoal
1,GGOEGETB023799,0750846065342433129,1.5,Google Power Bank
2,GGOEADWQ015699,138058039294367332,2.0,Android Rise 14 oz Mug
3,GGOEGBRB013899,0551028300396393478,1.5,Google Laptop Backpack
4,GGOEYDHJ056099,2865117450599304911,2.5,22 oz YouTube Bottle Infuser
5,GGOEGBRA037499,1148645885957423322,1.5,Waterproof Backpack
6,GGOEGAAX0338,6649661547402538462,1.5,Google Men's Vintage Badge Tee Black
7,GGOEYDHJ056099,4799379227714170002,2.5,22 oz YouTube Bottle Infuser
8,GGOEGBRJ037399,8832913499703586038,1.5,Google Rucksack
9,GGOEGAAX0651,2976099200710770058,1.5,Google Toddler Short Sleeve Tee Red
10,GGOEYFKQ020699,7605971862730185115,0.5,YouTube Custom Decals
11,GGOEWCKQ085457,6516690887287445807,3.5,Waze Pack of 9 Decal Set
12,GGOEGAAX0338,9283619216742521189,1.5,Google Men's Vintage Badge Tee Black
13,GGOEGAAX0338,5552602223219141230,1.5,Google Men's Vintage Badge Tee Black
14,GGOEGAAX0325,6235333906233118646,1.5,YouTube Men's Short Sleeve Hero Tee Charcoal
15,GGOEGAAX0318,110153724611725846,1.5,YouTube Men's Short Sleeve Hero Tee Black
16,GGOEGAAX0318,57196719909669060,1.5,YouTube Men's Short Sleeve Hero Tee Black
17,GGOEYFKQ020699,1513574659863671308,1.5,YouTube Custom Decals
18,GGOEGAAX0330,8795601824800140692,1.5,YouTube Men's Long & Lean Tee Charcoal
19,GGOEGAAX0318,6454152396954180970,1.5,YouTube Men's Short Sleeve Hero Tee Black
20,GGOEGAAX0318,9810242816023554106,1.5,YouTube Men's Short Sleeve Hero Tee Black
21,GGOEYFKQ020699,6652255958623882302,1.5,YouTube Custom Decals
22,GGOEYFKQ020699,6800773016200108867,1.5,YouTube Custom Decals
23,GGOEYFKQ020699,0485797735449723544,1.5,YouTube Custom Decals
24,GGOEYFKQ020699,3963931733144286855,1.5,YouTube Custom Decals
25,GGOEGAAX0325,3487777878571499424,1.5,YouTube Men's Short Sleeve Hero Tee Charcoal
26,GGOEYHPB072210,0192314861414750236,1.5,YouTube Twill Cap
27,GGOEGAAX0318,95260387049596061,1.5,YouTube Men's Short Sleeve Hero Tee Black
28,GGOEGDHQ015399,6970840496248643321,1.5,26 oz Double Wall Insulated Bottle
29,GGOEGDHC074099,3239591421883808376,1.5,Google 17oz Stainless Steel Sport Bottle
30,GGOEGAAX0341,2981325201816358942,1.5,Google Women's Vintage Hero Tee Black
31,GGOEADHH055999,3466329311470244552,1.5,22 oz Android Bottle
32,GGOEGDHC015299,3466329311470244552,1.5,23 oz Wide Mouth Sport Bottle
33,GGOEGOBC078699,9359225890182048096,1.5,Google Luggage Tag
34,GGOEYHPB072210,7484497031611210287,1.5,YouTube Twill Cap
35,GGOEYFKQ020699,3077728344368815014,5.5,YouTube Custom Decals
36,GGOEGAAX0325,4107476716931948379,2.0,YouTube Men's Short Sleeve Hero Tee Charcoal
37,GGOEGAAX0104,7779808671220138430,1.5,Google Men's 100% Cotton Short Sleeve Hero Tee White
38,GGOEYFKQ020699,051569945671479788,1.5,YouTube Custom Decals
39,GGOEGAAX0318,8699270326076021095,1.5,YouTube Men's Short Sleeve Hero Tee Black
40,GGOEGAAX0358,3730118929329807081,1.5,Google Men's  Zip Hoodie
41,GGOEGBFC018799,9446534099865088123,1.5,Electronics Accessory Pouch
42,GGOEGDWR015799,454415741312523119,1.5,Red Shine 15 oz Mug
43,GGOEGOAB021499,2192102760951521593,2.5,Metal Texture Roller Pen
44,GGOEGBRA037499,0462973614885897477,1.5,Waterproof Backpack
45,GGOEGAAX0592,5768779985718104713,1.5,Google Men's Airflow 1/4 Zip Pullover Black
46,GGOEGAAX0329,8541623616216182707,1.5,Android Men's Long & Lean Badge Tee Charcoal
47,GGOEGAAX0104,1894130606995361644,1.5,Google Men's 100% Cotton Short Sleeve Hero Tee White
48,GGOEGAAX0661,410776283289767415,1.5,You Tube Toddler Short Sleeve Tee Red
49,GGOEGAAX0350,5310658158414332779,2.5,Google Men's Bayside Graphic Tee
50,GGOEGAAX0795,1580431283728289185,5.0,25L Classic Rucksack
51,GGOEYFKQ020699,9769058468255015745,1.5,YouTube Custom Decals
52,GGOEGAAX0330,9769058468255015745,1.5,YouTube Men's Long & Lean Tee Charcoal
53,GGOEGFKA022299,1792126295682358590,2.0,Keyboard DOT Sticker
54,GGOEGAAX0318,1281234459613429134,2.0,YouTube Men's Short Sleeve Hero Tee Black
55,GGOEGAAX0351,8336976389238650812,2.0,YouTube Men's Vintage Henley
56,GGOEYDHJ056099,2725696087969671053,3.0,22 oz YouTube Bottle Infuser
57,GGOEGAAX0318,5645525901423795365,2.0,YouTube Men's Short Sleeve Hero Tee Black
58,GGOEGBRA037499,8765602621942878224,2.0,Waterproof Backpack
59,GGOEGFYQ016599,9359225890182048096,2.0,Foam Can and Bottle Cooler
60,GGOEYFKQ020699,2699100691075242575,3.0,YouTube Custom Decals
61,GGOEGEVA022399,2838389775426883646,1.5,Micro Wireless Earbud
62,GGOEGAAX0318,0261035563475309159,2.0,YouTube Men's Short Sleeve Hero Tee Black
63,GGOEGAAX0661,5883164011639311823,1.5,You Tube Toddler Short Sleeve Tee Red
64,GGOEGAAX0104,4891367157966215686,2.0,Google Men's 100% Cotton Short Sleeve Hero Tee White
65,GGOEGOAB021499,3185267375068033750,2.0,Metal Texture Roller Pen
66,GGOEGBRA037499,3644674906177313121,1.5,Waterproof Backpack
67,GGOEGAAX0313,4659112155231903369,1.5,Google Tri-blend Hoodie Grey
68,GGOEGOCC077299,0509972280802528263,40.0,Google RFID Journal
69,GGOEGOCB017499,0509972280802528263,40.0,Leatherette Journal
70,GGOEGALB034113,0509972280802528263,40.0,Google Women's Vintage Hero Tee Black
71,GGOEGAEJ028013,0509972280802528263,40.0,Google Women's Short Sleeve Hero Tee Grey
72,GGOEACCQ017299,1825841980801408928,1.5,Android Lunch Kit
73,GGOEGAAX0325,2682723022140584110,1.5,YouTube Men's Short Sleeve Hero Tee Charcoal
74,GGOEGBRJ037399,7197257625515261031,1.5,Google Rucksack
75,GGOEAKDH019899,0241048761582607706,1.5,Windup Android
76,GGOEGAAX0338,659997883658232689,1.5,Google Men's Vintage Badge Tee Black
77,GGOEGHPJ080310,4514652345155303748,1.5,Google Blackout Cap
78,GGOEYOCR077799,6967791130946939797,2.0,YouTube Hard Cover Journal
79,GGOEGGCX056299,2666111902144758507,2.0,Gift Card - $25.00
80,GGOEGOAQ012899,0067546692352203203,2.5,Ballpoint LED Light Pen
81,GGOEGOAQ018099,84084976506155235,4.5,Pen Pencil & Highlighter Set
82,GGOEGOLC013299,0716845898585666271,2.0,Spiral Notebook and Pen Set
83,GGOEGBRA037499,1743714919834975806,2.0,Waterproof Backpack
84,GGOEGOCB017499,7349095852368868081,1.5,Leatherette Journal
85,GGOEGEHQ071199,0330845037859170481,1.5,"Google High Capacity 10,400mAh Charger"
86,GGOEGFKQ020399,2183769803946700458,2.0,Google Laptop and Cell Phone Stickers
87,GGOEGAAX0290,7381501839846779174,1.5,YouTube Women's Short Sleeve Hero Tee Charcoal
88,GGOEAXXX0808,5404482496812265594,1.5,Android Men's Engineer Short Sleeve Tee Charcoal
89,GGOEGAAX0104,5404482496812265594,1.5,Google Men's 100% Cotton Short Sleeve Hero Tee White
90,GGOEGAAX0104,5873059317509196502,1.5,Google Men's 100% Cotton Short Sleeve Hero Tee White
91,GGOEGFKQ020799,5705874741137472356,2.0,Google Doodle Decal
92,GGOEGBRA037499,8882654778626829762,9.5,Waterproof Backpack
93,GGOEGDHC074099,7827431027330439153,2.5,Google 17oz Stainless Steel Sport Bottle
94,GGOEAXXX0808,2516702271461747537,2.0,Android Men's Engineer Short Sleeve Tee Charcoal
95,GGOEGHPJ080310,5835011534221003810,53.5,Google Blackout Cap
96,GGOEYHPB072210,7596302818728416168,1.5,YouTube Twill Cap
97,GGOEGBRA037499,9004018791623835992,2.5,Waterproof Backpack
98,GGOEGETB023799,8252993918601501665,1.5,Google Power Bank
99,GGOEGAAX0353,9249130983722228273,2.0,Google Vintage Henley Grey/Black
100,GGOEGBRJ037399,907919984415931451,2.0,Google Rucksack
101,GGOEYHPB072210,3188213086470041425,2.0,YouTube Twill Cap
102,GGOEGDHC074099,9012644024512398613,2.0,Google 17oz Stainless Steel Sport Bottle
103,GGOEGDHQ015399,0284438731288817902,4.0,26 oz Double Wall Insulated Bottle
104,GGOEGDHQ015399,7361035572167157097,2.0,26 oz Double Wall Insulated Bottle
105,GGOEGFKQ020399,5596095564243535655,1.5,Google Laptop and Cell Phone Stickers
106,GGOEGAAX0353,7083651462602256215,1.5,Google Vintage Henley Grey/Black
107,GGOEGHPJ080310,0940186567836603506,3.0,Google Blackout Cap
108,GGOEGAAX0338,3653223981913568754,2.0,Google Men's Vintage Badge Tee Black
109,GGOEGBRA037499,0184583714566893994,3.5,Waterproof Backpack
110,GGOEGDHC015299,8735816909957342888,4.5,23 oz Wide Mouth Sport Bottle
111,GGOEGAAX0318,3928148027675000890,16.0,YouTube Men's Short Sleeve Hero Tee Black
112,GGOEGAAX0296,8922684196337270088,1.5,YouTube Women's Short Sleeve Tri-blend Badge Tee Grey
113,GGOEGAAX0104,5918721989053447180,4.5,Google Men's 100% Cotton Short Sleeve Hero Tee White
114,GGOEGAAX0731,2510170651126670568,2.0,YouTube Men's Fleece Hoodie Black
115,GGOEGAAX0104,4358669050443767105,2.0,Google Men's 100% Cotton Short Sleeve Hero Tee White
116,GGOEYFKQ020699,0496578757391920977,4.0,YouTube Custom Decals
117,GGOEGAAX0306,0509377181616367629,4.5,Google Women's Recycled Fabric Tee
118,GGOEGAAX0037,6720163071515835609,3.0,Google Sunglasses
119,GGOEGCKQ013199,5191714303283334364,1.5,1 oz Hand Sanitizer
120,GGOEGCNB021099,5191714303283334364,4.0,Seat Pack Organizer
121,GGOEGBRA037499,5012979848533101212,2.0,Waterproof Backpack
122,GGOEGAAX0353,2379859623266786468,3.5,Google Vintage Henley Grey/Black
123,GGOEGAAX0318,2200502804815616939,4.5,YouTube Men's Short Sleeve Hero Tee Black
124,GGOEGOAQ018099,1633146081774573328,1.5,Pen Pencil & Highlighter Set
125,GGOEGOAR013099,1633146081774573328,1.5,Google Stylus Pen w/ LED Light
126,GGOEAFKQ020599,2238427794408940307,1.5,Android Sticker Sheet Ultra Removable
127,GGOEYFKQ020699,8838723503257538619,1.5,YouTube Custom Decals
128,GGOEGAAX0330,8838723503257538619,2.0,YouTube Men's Long & Lean Tee Charcoal
129,GGOEGAAX0318,730367780967717148,1.5,YouTube Men's Short Sleeve Hero Tee Black
130,GGOEGBJC019999,3528985319474154621,4.0,Collapsible Shopping Bag
131,GGOEGAAX0308,4127969764710194171,1.5,Google Women's Long Sleeve Blended Cardigan Charcoal
132,GGOEGAAX0795,1113086722612802174,1.5,25L Classic Rucksack
133,GGOEGBRA037499,2230459363222130999,1.5,Waterproof Backpack
134,GGOEGAAX0568,7286473709041791390,5.0,Google Men's Watershed Full Zip Hoodie Grey
135,GGOEGAAX0326,1733308980612977236,2.5,Google Men's Short Sleeve Badge Tee Charcoal
136,GGOEGEVA022399,1904044281872619820,1.5,Micro Wireless Earbud
137,GGOEGBRJ037299,5208937953046059083,7.5,Google Alpine Style Backpack
138,GGOEGBRJ037299,910410897272138682,4.5,Google Alpine Style Backpack
139,GGOEGAAX0358,3082283603465989940,1.5,Google Men's  Zip Hoodie
140,GGOEGETB023799,7815364476064026154,7.5,Google Power Bank
141,GGOEGAAX0356,9880592496599091974,1.5,YouTube Men's Vintage Tank
142,GGOEGAAX0037,4959929165076044230,3.5,Google Sunglasses
143,GGOEGAAX0351,0513443874219533136,1.5,YouTube Men's Vintage Henley
144,GGOEGAAX0593,0513443874219533136,2.0,Google Men's Airflow 1/4 Zip Pullover Lapis
145,GGOEGEVA022399,3289637780548369455,2.5,Micro Wireless Earbud
146,GGOEGHPB071610,5374636950619010807,3.5,Google Twill Cap
147,GGOEGAAX0313,7461007246247623723,4.0,Google Tri-blend Hoodie Grey
148,GGOEAXXX0808,5994882421687804417,11.0,Android Men's Engineer Short Sleeve Tee Charcoal
149,GGOEGAAX0338,5644663710139527686,1.5,Google Men's Vintage Badge Tee Black
150,GGOEGAAX0104,5644663710139527686,1.5,Google Men's 100% Cotton Short Sleeve Hero Tee White
151,GGOEGBRA037499,0723764175159758531,2.0,Waterproof Backpack
152,GGOEGBRB013899,6595981885506800184,2.0,Google Laptop Backpack
153,GGOEGAAX0731,4841594360292833266,3.5,YouTube Men's Fleece Hoodie Black
154,GGOEGAAX0364,7671458277611276988,5.0,Google Women's Tee Grey
155,GGOEGBPB082099,1350128776428351822,1.5,UpCycled Handlebar Bag
156,GGOEGBRA037499,1350128776428351822,1.5,Waterproof Backpack
157,GGOEGAAX0338,7130862809181577995,2.0,Google Men's Vintage Badge Tee Black
158,GGOEGBRJ037399,5016900699181272612,5.0,Google Rucksack
159,GGOEGAAX0330,6281969399295268989,7.0,YouTube Men's Long & Lean Tee Charcoal
160,GGOEYAAJ033015,3165222879949298835,7.0,YouTube Men's Long & Lean Tee Charcoal
161,GGOEGOCR078499,3165222879949298835,7.0,Google Spiral Leather Journal
162,GGOEGBRB013899,3694234028523165868,7.5,Google Laptop Backpack
163,GGOEA0CH077599,9417857471295131045,11.0,Android Hard Cover Journal
164,GGOEAOCB077499,7716715889119737343,2.0,Android RFID Journal
165,GGOEGAAX0304,1897693758416082368,2.0,Google Women's 3/4 Sleeve Baseball Raglan Heather/Black
166,GGOEGAAX0358,8281865642684703587,1.5,Google Men's  Zip Hoodie
167,GGOEGXXX0806,8867932982815581493,1.5,Google Men's Bike Short Sleeve Tee Charcoal
168,GGOEWEBB082699,1307490938156007268,3.5,Waze Mobile Phone Vent Mount
169,GGOEGOCB017499,454845221896711463,5.0,Leatherette Journal
170,GGOEGAAX0682,2384575288962758158,1.5,Google Youth Short Sleeve Tee Red
171,GGOEGAAX0329,2384575288962758158,1.5,Android Men's Long & Lean Badge Tee Charcoal
172,GGOEGAAX0320,2384575288962758158,1.5,Android Men's Short Sleeve Hero Tee White
173,GGOEGAAX0318,5196510095914060300,5.0,YouTube Men's Short Sleeve Hero Tee Black
174,GGOEGESB015099,9836397764987755316,6.0,Basecamp Explorer Powerbank Flashlight
175,GGOEGEVA022399,5334519922113386772,2.0,Micro Wireless Earbud
176,GGOEGAAX0318,1369634446381193537,5.5,YouTube Men's Short Sleeve Hero Tee Black
177,GGOEYAAB031816,1369634446381193537,-2.5,YouTube Men's Short Sleeve Hero Tee Black
178,GGOEWAEA083899,1868979439923677894,6.5,Waze Dress Socks
179,GGOEGFSR022099,6317122696265127101,2.0,Google Kick Ball
180,GGOEGCBC074299,335855435126300366,2.0,Google Device Stand
181,GGOEGFKA022299,335855435126300366,3.5,Keyboard DOT Sticker
182,GGOEGEVA022399,1625348761598975970,2.0,Micro Wireless Earbud
183,GGOEGDHQ015399,1580431283728289185,6.5,26 oz Double Wall Insulated Bottle
184,GGOEGKAA019299,2356328520822545622,1.5,Switch Tone Color Crayon Pen
185,GGOEGAAX0358,8295197301478463188,2.0,Google Men's  Zip Hoodie
186,GGOEGFKQ020799,0826150033557882055,4.5,Google Doodle Decal
187,GGOEGAAX0325,9177420311342678282,4.0,YouTube Men's Short Sleeve Hero Tee Charcoal
188,GGOEGAAX0290,9177420311342678282,4.5,YouTube Women's Short Sleeve Hero Tee Charcoal
189,GGOEYOCR077799,643249846894129525,2.0,YouTube Hard Cover Journal
190,GGOEGAAX0352,1485560096715159088,4.0,Android Men's Vintage Henley
191,GGOEAAEH035215,1485560096715159088,14.0,Android Men's Vintage Henley
192,GGOEGAAX0353,5857508451628108813,5.0,Google Vintage Henley Grey/Black
193,GGOEGAAX0569,0167247604162700002,2.0,Google Men's Performance Full Zip Jacket Black
194,GGOEGAAX0596,0167247604162700002,2.0,Google Men's Quilted Insulated Vest Black
195,GGOEGAAX0361,0598517298356059273,2.0,Android Women's Fleece Hoodie
196,GGOEGAAX0569,6807929399699118662,2.0,Google Men's Performance Full Zip Jacket Black
197,GGOEGBJL013999,6807929399699118662,1.5,Google Canvas Tote Natural/Navy
198,GGOEGDHC074099,2666111902144758507,4.5,Google 17oz Stainless Steel Sport Bottle
199,GGOEGESB015199,0485797735449723544,1.5,Google Flashlight
200,GGOEGBRJ037399,102703605492733588,5.0,Google Rucksack
201,GGOEADHH055999,811215767847921598,3.0,22 oz Android Bottle
202,GGOEGEVA022399,0049931492016965831,2.0,Micro Wireless Earbud
203,GGOEGODR017799,051121380870457542,2.0,Recycled Mouse Pad
204,GGOEGEHQ024099,8410706711019737796,2.0,Clip-on Compact Charger
205,GGOEGAAX0325,6961461396201166096,9.5,YouTube Men's Short Sleeve Hero Tee Charcoal
206,GGOEGBRJ037399,9386651167038033508,2.0,Google Rucksack
207,GGOEGAAB033814,64323224992270309,3.5,Google Men's Vintage Badge Tee Black
208,GGOEGAAB033815,64323224992270309,3.5,Google Men's Vintage Badge Tee Black
209,GGOEGBPB021199,9936653130323014894,1.5,Google Slim Utility Travel Bag
210,GGOEGHPJ080310,9936653130323014894,2.0,Google Blackout Cap
211,GGOEAAEJ033414,7771285007340524144,50.5,Android Men's Long Sleeve Badge Crew Tee Heather
212,GGOEGAAJ032614,7771285007340524144,50.5,Google Men's Short Sleeve Badge Tee Charcoal
213,GGOEGEVA022399,7863551258591830793,1.5,Micro Wireless Earbud
214,GGOEGAAX0357,4642253043389868036,4.0,Android Men's Vintage Tank
215,GGOEGAAX0651,4642253043389868036,6.0,Google Toddler Short Sleeve Tee Red
216,GGOEGFKQ020399,0946279366290435145,1.5,Google Laptop and Cell Phone Stickers
217,GGOEGBMJ013399,2666111902144758507,2.0,Sport Bag
218,GGOEGBJL013999,2666111902144758507,2.0,Google Canvas Tote Natural/Navy
219,GGOEGOAQ018099,3544203224003923047,1.5,Pen Pencil & Highlighter Set
220,GGOEGXXX0806,1181536979112804688,3.0,Google Men's Bike Short Sleeve Tee Charcoal
221,GGOEGDHQ015399,5396316380545596534,2.0,26 oz Double Wall Insulated Bottle
222,GGOEGAAX0342,2284555599203977570,11.0,Google Women's Vintage Hero Tee White
223,GGOEGFYQ016599,8996390266519917614,17.0,Foam Can and Bottle Cooler
224,GGOEGAAX0098,8996390266519917614,5.0,"7"" Dog Frisbee"
225,GGOEGDHC074099,6229313771651311196,13.5,Google 17oz Stainless Steel Sport Bottle
226,GGOEGAAX0074,7556555497376038449,5.0,Google 22 oz Water Bottle
227,GGOEGHPJ080310,9335786140265261599,4.0,Google Blackout Cap
228,GGOEAXXX0812,9335786140265261599,1.5,Android Men's Take Charge Short Sleeve Tee Purple
229,GGOEAXXX0810,9335786140265261599,1.5,Android Men's Outerstellar Short Sleeve Tee Black
230,GGOEGAAX0680,4642253043389868036,1.5,Google Youth Baseball Raglan Heather/Black
231,GGOEGDWR015799,2880164379954827168,2.0,Red Shine 15 oz Mug
232,GGOEGGCX056299,0694658797180418631,12.5,Gift Card - $25.00
233,GGOEGDWR015799,3602581120186705822,4.0,Red Shine 15 oz Mug
234,GGOEGAAX0037,8057100491037963376,4.5,Google Sunglasses
235,GGOEGAAX0330,8807566194592989592,6.5,YouTube Men's Long & Lean Tee Charcoal
236,GGOEYAAJ033014,8807566194592989592,1.0,YouTube Men's Long & Lean Tee Charcoal
237,GGOEYAAJ033015,8807566194592989592,1.0,YouTube Men's Long & Lean Tee Charcoal
238,GGOEGDHC074099,4794087068727883755,2.0,Google 17oz Stainless Steel Sport Bottle
239,GGOEGDHQ015399,4794087068727883755,2.0,26 oz Double Wall Insulated Bottle
240,GGOEYHPB072210,5014540371440158686,4.0,YouTube Twill Cap
241,GGOEADWQ015699,7416628062417316237,2.0,Android Rise 14 oz Mug
242,GGOEGBJC014399,3225678380873744420,2.0,Google Tote Bag
243,GGOEGFAQ016699,5918204463043019202,3.0,Bottle Opener Clip
244,GGOEGESQ016799,5918204463043019202,3.0,Plastic Sliding Flashlight
245,GGOEGBRA037499,6756011017275548046,4.5,Waterproof Backpack
246,GGOEGKWR060810,7966897920275645417,4.0,Google Bib Red
247,GGOEGAAX0625,7966897920275645417,4.0,Android Infant Short Sleeve Tee Pewter
248,GGOEGDHC074099,9329105952170590036,2.0,Google 17oz Stainless Steel Sport Bottle
249,GGOEAXXX0808,4645782780585783387,4.5,Android Men's Engineer Short Sleeve Tee Charcoal
250,GGOEGAAX0626,4645782780585783387,2.0,Android Infant Short Sleeve Tee Pink
251,GGOEWFKA083199,5875353676440325168,1.0,Waze Mood Original Window Decal
252,GGOEGPJC019099,8996390266519917614,10.5,7&quot; Dog Frisbee
253,GGOEGAAX0568,0201469770107862966,2.5,Google Men's Watershed Full Zip Hoodie Grey
254,GGOEGADJ056814,0201469770107862966,7.0,Google Men's Watershed Full Zip Hoodie Grey
255,GGOEGAAX0318,3959390594599570808,4.0,YouTube Men's Short Sleeve Hero Tee Black
256,GGOEGAAX0325,3959390594599570808,1.5,YouTube Men's Short Sleeve Hero Tee Charcoal
257,GGOEGAAX0105,3959390594599570808,1.5,Google Men's 100% Cotton Short Sleeve Hero Tee Black
258,GGOEGAAX0569,8555003181225615424,1.5,Google Men's Performance Full Zip Jacket Black
259,GGOEGBMC056599,8555003181225615424,1.5,Waterproof Gear Bag
260,GGOEYFKQ020699,8442617694098781827,1.5,YouTube Custom Decals
261,GGOEGHPB071610,8442617694098781827,7.5,Google Twill Cap
262,GGOEGAAX0651,2827498353821012092,1.5,Google Toddler Short Sleeve Tee Red
263,GGOEGAAX0680,2827498353821012092,1.5,Google Youth Baseball Raglan Heather/Black
264,GGOEAOCB077499,6362417049769170223,2.0,Android RFID Journal
265,GGOEGXXX0806,1258915143892750458,4.0,Google Men's Bike Short Sleeve Tee Charcoal
266,GGOEGAAJ080614,1258915143892750458,14.0,Google Men's Bike Short Sleeve Tee Charcoal
267,GGOEGEHQ024099,9130977134964042839,2.5,Clip-on Compact Charger
268,GGOEGAAX0596,9130977134964042839,1.5,Google Men's Quilted Insulated Vest Black
269,GGOEGBRA037499,9130977134964042839,3.5,Waterproof Backpack
270,GGOEGAAX0671,1223589533016589079,3.0,Google Toddler Short Sleeve Tee White
271,GGOEGAAX0651,1223589533016589079,4.5,Google Toddler Short Sleeve Tee Red
272,GGOEGBRB013899,34988253365419131,1.5,Google Laptop Backpack
273,GGOEGBRJ037399,34988253365419131,2.0,Google Rucksack
274,GGOEACCQ017299,5247088189467403090,2.0,Android Lunch Kit
275,GGOEGAAX0037,1799598136919764397,9.5,Google Sunglasses
276,GGOEGHGC019799,1799598136919764397,3.5,Google Sunglasses
277,GGOEGHGR019499,1799598136919764397,3.5,Google Sunglasses
278,GGOEYFKQ020699,8227701038227474422,4.0,YouTube Custom Decals
279,GGOEYHPB072210,8227701038227474422,1.5,YouTube Twill Cap
280,GGOEGAAX0682,1633146081774573328,1.5,Google Youth Short Sleeve Tee Red
281,GGOEGBRA037499,1633146081774573328,2.0,Waterproof Backpack
282,GGOEGBRJ037399,8204485709901113804,2.0,Google Rucksack
283,GGOEAXXX0808,4207163565650556039,6.5,Android Men's Engineer Short Sleeve Tee Charcoal
284,GGOEGAAX0351,4207163565650556039,1.5,YouTube Men's Vintage Henley
285,GGOEGAAX0290,649889300215934582,5.5,YouTube Women's Short Sleeve Hero Tee Charcoal
286,GGOEYHPB072210,649889300215934582,4.5,YouTube Twill Cap
287,GGOEGESB015099,6704073824208738094,2.0,Basecamp Explorer Powerbank Flashlight
288,GGOEGBRJ037299,102703605492733588,2.0,Google Alpine Style Backpack
289,GGOEGBRJ037299,431781159932899381,1.5,Google Alpine Style Backpack
290,GGOEGAAX0037,2262160774762451480,7.5,Google Sunglasses
291,GGOEGHGR019499,2262160774762451480,10.5,Google Sunglasses
292,GGOEGHGT019599,2262160774762451480,10.5,Google Sunglasses
293,GGOEGHGC019799,2262160774762451480,10.5,Google Sunglasses
294,GGOEGEVA022399,0940186567836603506,1.5,Micro Wireless Earbud
295,GGOEGBRA037499,0940186567836603506,1.5,Waterproof Backpack
296,GGOEAFKQ020599,7732103446351877731,7.0,Android Sticker Sheet Ultra Removable
297,GGOEGAAX0733,7634362284405299195,4.0,Google Women's Short Sleeve Hero Tee Heather
298,GGOEGBRA037499,6779703869558170031,1.5,Waterproof Backpack
299,GGOEGAAX0104,0255282465269917452,3.5,Google Men's 100% Cotton Short Sleeve Hero Tee White
300,GGOEGBJC014399,9846359776693659031,1.5,Google Tote Bag
301,GGOEGBMJ013399,9846359776693659031,15.0,Sport Bag
302,GGOEWCKQ085457,103905010654987355,1.5,Waze Pack of 9 Decal Set
303,GGOEADHH073999,1295831428300004252,8.0,Android 17oz Stainless Steel Sport Bottle
304,GGOEGAAX0299,8151706737543171350,1.5,Google Women's V-Neck Tee Charcoal
305,GGOEGAAX0282,8151706737543171350,1.5,Android Women's Short Sleeve Badge Tee Dark Heather
306,GGOEGEHQ072499,6847677700533767581,2.0,Google 2200mAh Micro Charger
307,GGOEGAAX0356,0650734198077784452,1.5,YouTube Men's Vintage Tank
308,GGOEGAAX0357,0650734198077784452,4.0,Android Men's Vintage Tank
309,GGOEGAAX0338,0650734198077784452,2.0,Google Men's Vintage Badge Tee Black
310,GGOEGAAX0338,9448642576630229500,3.5,Google Men's Vintage Badge Tee Black
311,GGOEGAAX0278,9448642576630229500,2.0,Google Women's Short Sleeve Hero Tee Black
312,GGOEWFKA083199,4417987816137194149,25.0,Waze Mood Original Window Decal
313,GGOEAKDH019899,099282514685273715,2.0,Windup Android
314,GGOEGFKQ020799,099282514685273715,2.0,Google Doodle Decal
315,GGOEGAAX0278,3944033084735691438,17.5,Google Women's Short Sleeve Hero Tee Black
316,GGOEA0CH077599,3944033084735691438,4.0,Android Hard Cover Journal
317,GGOEGOFH020299,9745444510361208172,1.5,Galaxy Screen Cleaning Cloth
318,GGOEGFKQ020799,9745444510361208172,1.5,Google Doodle Decal
319,GGOEGCBB074399,1215126832177216624,2.0,Google Device Holder Sticky Pad
320,GGOEYFKQ020699,5299840209528355476,2.0,YouTube Custom Decals
321,GGOEGAAX0104,8208963585508489539,9.5,Google Men's 100% Cotton Short Sleeve Hero Tee White
322,GGOEGAAQ010413,8208963585508489539,7.0,Google Men's 100% Cotton Short Sleeve Hero Tee White
323,GGOEGFSR022099,3723888941430883184,2.0,Google Kick Ball
324,GGOEGAAX0037,3723888941430883184,2.0,Google Sunglasses
325,GGOEGDHC074099,534050309417390972,2.0,Google 17oz Stainless Steel Sport Bottle
326,GGOEGAAX0104,2886144098855378647,6.0,Google Men's 100% Cotton Short Sleeve Hero Tee White
327,GGOEGAAQ010415,2886144098855378647,14.0,Google Men's 100% Cotton Short Sleeve Hero Tee White
328,GGOEGBMJ013399,1094931637794753476,7.5,Sport Bag
329,GGOEYOCR077799,8442617694098781827,7.5,YouTube Hard Cover Journal
330,GGOEGODR017799,8442617694098781827,7.5,Recycled Mouse Pad
331,GGOEGBRB013899,616813475440297008,2.0,Google Laptop Backpack
332,GGOEGFKQ020799,024507252193437459,31.5,Google Doodle Decal
333,GGOEGAAX0569,4638457631555733175,2.0,Google Men's Performance Full Zip Jacket Black
334,GGOEGBRJ037399,5074660303190613667,7.5,Google Rucksack
335,GGOEGBRJ037299,5074660303190613667,3.0,Google Alpine Style Backpack
336,GGOEGAAX0318,6090307959373790386,5.0,YouTube Men's Short Sleeve Hero Tee Black
337,GGOEGAAX0325,6090307959373790386,4.5,YouTube Men's Short Sleeve Hero Tee Charcoal
338,GGOEGAAX0334,4361578465679668536,5.0,Android Men's Long Sleeve Badge Crew Tee Heather
339,GGOEGAAX0352,4361578465679668536,2.0,Android Men's Vintage Henley
340,GGOEA0CH077599,3739471411093683045,15.0,Android Hard Cover Journal
341,GGOEGAAX0578,9082216468378814100,9.0,Google Women's Performance Full Zip Jacket Black
342,GGOEGAAX0607,1969572238026427771,2.0,Google Women's Convertible Vest-Jacket Sea Foam Green
343,GGOEGAAX0361,1969572238026427771,2.0,Android Women's Fleece Hoodie
344,GGOEGAAX0761,7281459057441043181,7.5,Android Stretch Fit Hat Black
345,GGOEGHPJ080310,7281459057441043181,3.5,Google Blackout Cap
346,GGOEGOLC013299,1311003026247678016,36.0,Spiral Notebook and Pen Set
347,GGOEGOCL077699,5493590651204923543,6.0,Google Hard Cover Journal
348,GGOEGOCB017499,5493590651204923543,1.5,Leatherette Journal
349,GGOEGAAX0795,1223865090611201115,5.5,25L Classic Rucksack
350,GGOEGBRJ037299,1223865090611201115,2.0,Google Alpine Style Backpack
351,GGOEGBCR024399,0512480056932695240,0.5,Google Lunch Bag
352,GGOEGOXQ016399,0512480056932695240,3.5,Badge Holder
353,GGOEGAAX0325,008974926326637231,1.5,YouTube Men's Short Sleeve Hero Tee Charcoal
354,GGOEGAAX0351,008974926326637231,4.0,YouTube Men's Vintage Henley
355,GGOEGAAX0351,3944421154392364485,4.0,YouTube Men's Vintage Henley
356,GGOEGAAX0318,3944421154392364485,4.0,YouTube Men's Short Sleeve Hero Tee Black
357,GGOEGOAB022499,454845221896711463,1.5,Satin Black Ballpoint Pen
358,GGOEGOAQ012899,454845221896711463,33.5,Ballpoint LED Light Pen
359,GGOEYAFB073113,9990168985913952933,7.0,YouTube Men's Fleece Hoodie Black
360,GGOEYFKQ020699,9990168985913952933,7.0,YouTube Custom Decals
361,GGOEGAAX0318,6695998350292150416,3.0,YouTube Men's Short Sleeve Hero Tee Black
362,GGOEGAAX0290,6695998350292150416,1.5,YouTube Women's Short Sleeve Hero Tee Charcoal
363,GGOEGAAX0306,6695998350292150416,1.5,Google Women's Recycled Fabric Tee
364,GGOEYAAB031813,3928148027675000890,14.0,YouTube Men's Short Sleeve Hero Tee Black
365,GGOEYAAB031814,3928148027675000890,14.0,YouTube Men's Short Sleeve Hero Tee Black
366,GGOEGAAX0278,7641607978785523241,5.0,Google Women's Short Sleeve Hero Tee Black
367,GGOEGGCX056199,7641607978785523241,5.5,Gift Card- $100.00
368,GGOEGAEC033117,5569090975719749657,2.5,Google Men's Long Sleeve Raglan Ocean Blue
369,GGOEGESB015099,5569090975719749657,-2.5,Basecamp Explorer Powerbank Flashlight
370,GGOEGAEC033113,5569090975719749657,3.5,Google Men's Long Sleeve Raglan Ocean Blue
371,GGOEAFKQ020599,5569090975719749657,1.5,Android Sticker Sheet Ultra Removable
372,GGOEGAAX0690,355470769779418447,4.0,Google Youth Short Sleeve Tee White
373,GGOEGAAX0682,355470769779418447,1.5,Google Youth Short Sleeve Tee Red
374,GGOEGAAX0671,355470769779418447,6.5,Google Toddler Short Sleeve Tee White
375,GGOEGAAX0338,9417857471295131045,2.0,Google Men's Vintage Badge Tee Black
376,GGOEGAAX0105,9417857471295131045,5.0,Google Men's 100% Cotton Short Sleeve Hero Tee Black
377,GGOEGESB015199,4349008350446169158,1.5,Google Flashlight
378,GGOEGESB015099,4349008350446169158,1.5,Basecamp Explorer Powerbank Flashlight
379,GGOEGEVB070599,4349008350446169158,1.5,Google G Noise-reducing Bluetooth Headphones
380,GGOEGBRJ037399,2690284560375650313,1.5,Google Rucksack
381,GGOEGAAX0569,424164277566734178,3.0,Google Men's Performance Full Zip Jacket Black
382,GGOEGAAX0592,424164277566734178,1.5,Google Men's Airflow 1/4 Zip Pullover Black
383,GGOEGAAX0568,424164277566734178,4.5,Google Men's Watershed Full Zip Hoodie Grey
384,GGOEGBRA037499,1628879492829362179,2.0,Waterproof Backpack
385,GGOEGFKQ020799,1628879492829362179,2.0,Google Doodle Decal
386,GGOEGAAX0353,4193206519109888601,1.5,Google Vintage Henley Grey/Black
387,GGOEGAAX0338,4193206519109888601,1.5,Google Men's Vintage Badge Tee Black
388,GGOEGAAX0104,4193206519109888601,1.5,Google Men's 100% Cotton Short Sleeve Hero Tee White
389,GGOEGAAJ032313,4193206519109888601,14.0,Google Men's Short Sleeve Hero Tee Charcoal
390,GGOEGAAJ032613,4193206519109888601,14.0,Google Men's Short Sleeve Badge Tee Charcoal
391,GGOEGFKA022299,1687795423322054080,1.5,Keyboard DOT Sticker
392,GGOEGFKQ020799,1687795423322054080,2.0,Google Doodle Decal
393,GGOEYFKQ020699,1687795423322054080,1.5,YouTube Custom Decals
394,GGOEGAAX0037,4386919064035592715,4.0,Google Sunglasses
395,GGOEYFKQ020699,0232377434237234751,2.0,YouTube Custom Decals
396,GGOEAFKQ020499,0232377434237234751,1.5,8 pc Android Sticker Sheet
397,GGOEAFKQ020599,0232377434237234751,1.5,Android Sticker Sheet Ultra Removable
398,GGOEGFKQ020799,0232377434237234751,1.5,Google Doodle Decal
399,GGOEGALB034113,8730493892218660083,-2.5,Google Women's Vintage Hero Tee Black
400,GGOEACCQ017299,8730493892218660083,-2.5,Android Lunch Kit
401,GGOEADHH073999,8730493892218660083,29.5,Android 17oz Stainless Steel Sport Bottle
402,GGOEGESQ016799,8730493892218660083,29.5,Plastic Sliding Flashlight
403,GGOEGALB034114,8730493892218660083,29.5,Google Women's Vintage Hero Tee Black
404,GGOEAHPJ004213,8730493892218660083,29.5,Android Stretch Fit Hat S/M
405,GGOEAAAQ032013,8730493892218660083,29.5,Android Men's Short Sleeve Hero Tee White
406,GGOEAAEH035213,8730493892218660083,29.5,Android Men's Vintage Henley
407,GGOEGAAX0306,478717655362754556,2.0,Google Women's Recycled Fabric Tee
408,GGOEGAAX0304,478717655362754556,4.5,Google Women's 3/4 Sleeve Baseball Raglan Heather/Black
409,GGOEGAAX0365,478717655362754556,3.0,Google Women's Scoop Neck Tee Black
410,GGOEWFKA082999,1685335291483410828,50.5,Waze Baby on Board Window Decal
411,GGOEGOCB017499,2380151902002144519,2.0,Leatherette Journal
412,GGOEGAAX0671,2997546588767717972,2.0,Google Toddler Short Sleeve Tee White
413,GGOEGBJC014399,5036504003993248220,1.5,Google Tote Bag
414,GGOEADWQ015699,5036504003993248220,1.5,Android Rise 14 oz Mug
415,GGOEGOCC077299,1144453422620721054,1.5,Google RFID Journal
416,GGOEGEVB070599,3098698308947338506,1.5,Google G Noise-reducing Bluetooth Headphones
417,GGOEGAAX0606,5837861602768827939,2.0,Google Women's Convertible Vest-Jacket Black
418,GGOEGAAX0361,5837861602768827939,2.0,Android Women's Fleece Hoodie
419,GGOEGAAX0341,5837861602768827939,2.0,Google Women's Vintage Hero Tee Black
420,GGOEGGOA017399,0091712978079395246,2.0,Maze Pen
421,GGOEGOAQ020099,0091712978079395246,2.0,Four Color Retractable Pen
422,GGOEGOCB017499,0091712978079395246,2.0,Leatherette Journal
423,GGOEAKDH019899,7348629249376748176,14.5,Windup Android
424,GGOEGCBQ016499,7348629249376748176,1.5,SPF-15 Slim & Slender Lip Balm
425,GGOEGFSR022099,7348629249376748176,1.5,Google Kick Ball
426,GGOEGAAX0037,7348629249376748176,11.5,Google Sunglasses
427,GGOEGALB034113,7348629249376748176,10.5,Google Women's Vintage Hero Tee Black
428,GGOEGHGH019699,7348629249376748176,10.5,Google Sunglasses
429,GGOEGHGC019799,7348629249376748176,10.5,Google Sunglasses
430,GGOEGHGR019499,7348629249376748176,10.5,Google Sunglasses
431,GGOEGHGT019599,7348629249376748176,10.5,Google Sunglasses
432,GGOEGAAX0104,4908800356431619540,8.0,Google Men's 100% Cotton Short Sleeve Hero Tee White
433,GGOEGXXX0806,4908800356431619540,12.0,Google Men's Bike Short Sleeve Tee Charcoal
434,GGOEGAAX0106,4908800356431619540,8.0,Google Men's 100% Cotton Short Sleeve Hero Tee Navy
435,GGOEGAAL010614,4908800356431619540,7.0,Google Men's 100% Cotton Short Sleeve Hero Tee Navy
436,GGOEGAAJ032614,4908800356431619540,3.5,Google Men's Short Sleeve Badge Tee Charcoal
437,GGOEGOCB017499,7444499703471460562,5.5,Leatherette Journal
438,GGOEGOLC013299,7444499703471460562,2.0,Spiral Notebook and Pen Set
439,GGOEGAAX0104,7478014296138553952,9.0,Google Men's 100% Cotton Short Sleeve Hero Tee White
440,GGOEGAAQ010414,7478014296138553952,3.5,Google Men's 100% Cotton Short Sleeve Hero Tee White
441,GGOEAFKQ020599,9591202457292182670,46.0,Android Sticker Sheet Ultra Removable
442,GGOEGALB036514,9591202457292182670,36.5,Google Women's Scoop Neck Tee Black
443,GGOEAAEJ033413,9591202457292182670,36.5,Android Men's Long Sleeve Badge Crew Tee Heather
444,GGOEGAAX0326,7771285007340524144,2.5,Google Men's Short Sleeve Badge Tee Charcoal
445,GGOEGBRA037499,76337984001301563,10.5,Waterproof Backpack
446,GGOEAOCB077499,0052381813974609729,2.0,Android RFID Journal
447,GGOEGOCC077299,0052381813974609729,1.5,Google RFID Journal
448,GGOEGOCB017499,0052381813974609729,2.0,Leatherette Journal
449,GGOEGOLC013299,7804878276242829473,0.0,Spiral Notebook and Pen Set
450,GGOEGAAX0081,7804878276242829473,4.5,Recycled Paper Journal Set
451,GGOEGEVA022399,126459781793436795,2.0,Micro Wireless Earbud
452,GGOEGAAX0569,6122352189241442329,3.0,Google Men's Performance Full Zip Jacket Black
453,GGOEGAAX0596,6122352189241442329,1.5,Google Men's Quilted Insulated Vest Black
454,GGOEGAAX0731,6122352189241442329,1.5,YouTube Men's Fleece Hoodie Black
455,GGOEGAAX0686,8899652920156664918,1.5,YouTube Youth Short Sleeve Tee Red
456,GGOEYDHJ056099,8899652920156664918,4.0,22 oz YouTube Bottle Infuser
457,GGOEGBRJ037399,9118080275011609685,2.0,Google Rucksack
458,GGOEGAAX0104,9118080275011609685,3.5,Google Men's 100% Cotton Short Sleeve Hero Tee White
459,GGOEGAAX0569,9118080275011609685,2.0,Google Men's Performance Full Zip Jacket Black
460,GGOEGBCR024399,4350149129796827013,2.0,Google Lunch Bag
461,GGOEGBRA037499,4350149129796827013,2.0,Waterproof Backpack
462,GGOEGBRB013899,4350149129796827013,1.5,Google Laptop Backpack
463,GGOEGBRJ037399,4350149129796827013,2.5,Google Rucksack
464,GGOEAFKQ020599,6701073889215352508,12.0,Android Sticker Sheet Ultra Removable
465,GGOEGBJC019999,6356772384621900900,1.5,Collapsible Shopping Bag
466,GGOEGFSR022099,1996186587769697436,26.5,Google Kick Ball
467,GGOEGAAX0037,1996186587769697436,4.0,Google Sunglasses
468,GGOEGBJC014399,1996186587769697436,26.5,Google Tote Bag
469,GGOEACCQ017299,1996186587769697436,22.5,Android Lunch Kit
470,GGOEADHH073999,1996186587769697436,22.5,Android 17oz Stainless Steel Sport Bottle
471,GGOEGHPB080410,1996186587769697436,22.5,Google 5-Panel Snapback Cap
472,GGOEGHGC019799,1996186587769697436,22.5,Google Sunglasses
473,GGOEGAAX0338,0586698229787787437,4.0,Google Men's Vintage Badge Tee Black
474,GGOEGAAB033815,0586698229787787437,3.5,Google Men's Vintage Badge Tee Black
475,GGOEGAAB010515,0586698229787787437,3.5,Google Men's 100% Cotton Short Sleeve Hero Tee Black
476,GGOEGAAX0795,7834826182726674472,2.5,25L Classic Rucksack
477,GGOEGDHQ015399,1627674454679945564,3.5,26 oz Double Wall Insulated Bottle
478,GGOEGAAX0037,1627674454679945564,2.0,Google Sunglasses
479,GGOEGAAX0279,0650734198077784452,2.5,Google Women's Short Sleeve Hero Tee White
480,GGOEGAAX0308,0650734198077784452,7.5,Google Women's Long Sleeve Blended Cardigan Charcoal
481,GGOEGBRJ037299,0270393945425133079,2.0,Google Alpine Style Backpack
482,GGOEGBRJ037399,0270393945425133079,4.0,Google Rucksack
483,GGOEGAAX0568,698297406423033664,9.5,Google Men's Watershed Full Zip Hoodie Grey
484,GGOEGADJ056814,698297406423033664,26.0,Google Men's Watershed Full Zip Hoodie Grey
485,GGOEAAWN062648,1263812856049069716,-2.5,Android Infant Short Sleeve Tee Pink
486,GGOEGALQ036613,9591202457292182670,-2.5,Google Women's Scoop Neck Tee White
487,GGOEGBRJ037399,9178778076506607736,8.0,Google Rucksack
488,GGOEAOCB077499,9178778076506607736,1.5,Android RFID Journal
489,GGOEGBRA037499,6687958275730704367,2.0,Waterproof Backpack
490,GGOEGAAX0596,6687958275730704367,2.0,Google Men's Quilted Insulated Vest Black
491,GGOEGDHQ015399,6687958275730704367,2.0,26 oz Double Wall Insulated Bottle
492,GGOEGDHC015299,2578084515369430211,8.5,23 oz Wide Mouth Sport Bottle
493,GGOEGAAX0671,0815047945706399620,4.0,Google Toddler Short Sleeve Tee White
494,GGOEGAAX0680,0815047945706399620,4.0,Google Youth Baseball Raglan Heather/Black
495,GGOEGAAX0690,0815047945706399620,4.0,Google Youth Short Sleeve Tee White
496,GGOEGAXQ067155,0815047945706399620,29.5,Google Toddler Short Sleeve Tee White
497,GGOEGAYB068025,0815047945706399620,29.5,Google Youth Baseball Raglan Heather/Black
498,GGOEGAYQ069025,0815047945706399620,29.5,Google Youth Short Sleeve Tee White
499,GGOEGEHQ024099,973510660431678522,2.5,Clip-on Compact Charger
500,GGOEGEVA022399,973510660431678522,2.0,Micro Wireless Earbud
501,GGOEAOCB077499,973510660431678522,1.5,Android RFID Journal
502,GGOEGAAX0338,8907786034323049031,3.5,Google Men's Vintage Badge Tee Black
503,GGOEGAAX0334,8907786034323049031,1.5,Android Men's Long Sleeve Badge Crew Tee Heather
504,GGOEGHPJ080310,9945591060914032258,1.5,Google Blackout Cap
505,GGOEAHPJ074410,9945591060914032258,2.0,Android Twill Cap
506,GGOEGAAX0105,9945591060914032258,8.5,Google Men's 100% Cotton Short Sleeve Hero Tee Black
507,GGOEGAAX0686,0834628261584717467,3.0,YouTube Youth Short Sleeve Tee Red
508,GGOEGAAX0661,0834628261584717467,1.5,You Tube Toddler Short Sleeve Tee Red
509,GGOEGAAX0318,0834628261584717467,4.5,YouTube Men's Short Sleeve Hero Tee Black
510,GGOEGAAX0325,0834628261584717467,4.5,YouTube Men's Short Sleeve Hero Tee Charcoal
511,GGOEGFKQ020799,1485560096715159088,7.5,Google Doodle Decal
512,GGOEAFKQ020499,1485560096715159088,7.5,8 pc Android Sticker Sheet
513,GGOEGAAJ032714,4908800356431619540,3.5,Google Men's Long & Lean Tee Grey
514,GGOEGAAX0358,1445829272389489293,6.5,Google Men's  Zip Hoodie
515,GGOEGAFB035814,1445829272389489293,-2.5,Google Men's  Zip Hoodie
516,GGOEAXXX0808,1445829272389489293,6.5,Android Men's Engineer Short Sleeve Tee Charcoal
517,GGOEAAAJ080814,1445829272389489293,-2.5,Android Men's Engineer Short Sleeve Tee Charcoal
518,GGOEGBRA037499,2211136004038546286,3.5,Waterproof Backpack
519,GGOEGBRB013899,2211136004038546286,2.0,Google Laptop Backpack
520,GGOEGBRJ037299,2211136004038546286,2.0,Google Alpine Style Backpack
521,GGOEYFKQ020699,799550552085983639,1.5,YouTube Custom Decals
522,GGOEGDHR082199,6229313771651311196,3.5,Google 25 oz Red Stainless Steel Bottle
523,GGOEADHH073999,6229313771651311196,1.5,Android 17oz Stainless Steel Sport Bottle
524,GGOEGAAX0358,0909717625274232624,3.5,Google Men's  Zip Hoodie
525,GGOEGAAX0568,0909717625274232624,6.0,Google Men's Watershed Full Zip Hoodie Grey
526,GGOEGAAX0731,0909717625274232624,4.0,YouTube Men's Fleece Hoodie Black
527,GGOEGOCC077999,4871061239735971842,30.0,Google Spiral Journal with Pen
528,GGOEGBRJ037399,4871061239735971842,37.0,Google Rucksack
529,GGOEGCBQ016499,4871061239735971842,26.0,SPF-15 Slim & Slender Lip Balm
530,GGOEGHPJ080310,4871061239735971842,26.0,Google Blackout Cap
531,GGOEADHH073999,3223204375135993191,4.5,Android 17oz Stainless Steel Sport Bottle
532,GGOEGBJL013999,7311242886083854158,26.5,Google Canvas Tote Natural/Navy
533,GGOEGDHQ015399,7311242886083854158,26.5,26 oz Double Wall Insulated Bottle
534,GGOEGAAR010716,7311242886083854158,-2.5,Google Men's 100% Cotton Short Sleeve Hero Tee Red
535,GGOEGAAJ032815,7311242886083854158,-2.5,Google Men's Long & Lean Tee Charcoal
536,GGOEGATH060717,7311242886083854158,-2.5,Google Women's Convertible Vest-Jacket Sea Foam Green
537,GGOEGETB023799,7311242886083854158,22.5,Google Power Bank
538,GGOEGHPJ080310,7311242886083854158,22.5,Google Blackout Cap
539,GGOEGALQ036616,7311242886083854158,22.5,Google Women's Scoop Neck Tee White
540,GGOEGAAJ032816,7311242886083854158,22.5,Google Men's Long & Lean Tee Charcoal
541,GGOEGOCB078299,7311242886083854158,22.5,Google Leather Journal-Black
542,GGOEGADJ056815,7311242886083854158,22.5,Google Men's Watershed Full Zip Hoodie Grey
543,GGOEGOAB021499,7311242886083854158,22.5,Metal Texture Roller Pen
544,GGOEGAAL010616,7311242886083854158,22.5,Google Men's 100% Cotton Short Sleeve Hero Tee Navy
545,GGOEGADJ056813,0377506370870345639,57.5,Google Men's Watershed Full Zip Hoodie Grey
546,GGOEGAAX0037,3891707253957252733,7.0,Google Sunglasses
547,GGOEGHGC019799,3891707253957252733,26.0,Google Sunglasses
548,GGOEGHGR019499,3891707253957252733,26.0,Google Sunglasses
549,GGOEGAAX0304,9355510228956549863,2.5,Google Women's 3/4 Sleeve Baseball Raglan Heather/Black
550,GGOEGAAX0353,9355510228956549863,5.0,Google Vintage Henley Grey/Black
551,GGOEAAEH035213,7243403786951146548,1.0,Android Men's Vintage Henley
552,GGOEGEVB070599,1487642479039977302,2.0,Google G Noise-reducing Bluetooth Headphones
553,GGOEAKDH019899,1487642479039977302,4.0,Windup Android
554,GGOEGAAX0318,7356594891179506186,4.5,YouTube Men's Short Sleeve Hero Tee Black
555,GGOEYFKQ020699,7356594891179506186,2.0,YouTube Custom Decals
556,GGOEYAAB031816,7356594891179506186,3.5,YouTube Men's Short Sleeve Hero Tee Black
557,GGOEGAAX0290,140515510840599351,1.5,YouTube Women's Short Sleeve Hero Tee Charcoal
558,GGOEYHPB072210,140515510840599351,8.0,YouTube Twill Cap
559,GGOEGOCC077299,140515510840599351,4.0,Google RFID Journal
560,GGOEAHPA004110,1059770176518504832,2.5,Android Wool Heather Cap Heather/Black
561,GGOEGAAX0104,1059770176518504832,2.0,Google Men's 100% Cotton Short Sleeve Hero Tee White
562,GGOEGBRA037499,1059770176518504832,2.0,Waterproof Backpack
563,GGOEGAAX0596,1059770176518504832,2.0,Google Men's Quilted Insulated Vest Black
564,GGOEGAAX0278,267496141615033562,2.5,Google Women's Short Sleeve Hero Tee Black
565,GGOEGDHC074099,267496141615033562,2.5,Google 17oz Stainless Steel Sport Bottle
566,GGOEGBFC018799,267496141615033562,1.5,Electronics Accessory Pouch
567,GGOEGBPB082099,267496141615033562,1.5,UpCycled Handlebar Bag
568,GGOEGEVA022399,5321699176786856383,1.5,Micro Wireless Earbud
569,GGOEGOAB022499,5321699176786856383,1.5,Satin Black Ballpoint Pen
570,GGOEGCBB074399,6245888094161327613,4.5,Google Device Holder Sticky Pad
571,GGOEAKDH019899,6245888094161327613,26.0,Windup Android
572,GGOEGCBB074199,6245888094161327613,2.5,Google Car Clip Phone Holder
573,GGOEGAAX0106,7420300501523012460,9.5,Google Men's 100% Cotton Short Sleeve Hero Tee Navy
574,GGOEGAAX0334,7420300501523012460,2.0,Android Men's Long Sleeve Badge Crew Tee Heather
575,GGOEGAAL010613,7420300501523012460,26.0,Google Men's 100% Cotton Short Sleeve Hero Tee Navy
576,GGOEGAAL010614,7420300501523012460,26.0,Google Men's 100% Cotton Short Sleeve Hero Tee Navy
577,GGOEGAAX0567,4604819391740364956,3.5,Google Men's Softshell Jacket Black/Grey
578,GGOEGHPB071610,4604819391740364956,1.5,Google Twill Cap
579,GGOEGHPB003410,4604819391740364956,1.5,Google Snapback Hat Black
580,GGOEGFSR022099,8524153343957920345,1.5,Google Kick Ball
581,GGOEGAAX0602,654736404761929369,6.0,Google Women's 1/4 Zip Performance Pullover Black
582,GGOEGATB060213,654736404761929369,26.0,Google Women's 1/4 Zip Performance Pullover Black
583,GGOEGAAX0617,4645782780585783387,3.5,Android Onesie Gold
584,GGOEGAAX0309,4645782780585783387,1.5,Android Women's Long Sleeve Blended Cardigan Grey
585,GGOEGAAX0795,4645782780585783387,2.0,25L Classic Rucksack
586,GGOEGFAQ016699,2169837842795965197,4.5,Bottle Opener Clip
587,GGOEGAAX0074,2169837842795965197,10.0,Google 22 oz Water Bottle
588,GGOEGDHC018299,2169837842795965197,3.5,Google 22 oz Water Bottle
589,GGOEGCBB074199,335855435126300366,7.5,Google Car Clip Phone Holder
590,GGOEGCBB074399,335855435126300366,2.0,Google Device Holder Sticky Pad
591,GGOEGAAX0037,3990499189535030968,1.5,Google Sunglasses
592,GGOEGFYQ016599,3990499189535030968,2.0,Foam Can and Bottle Cooler
593,GGOEGAAX0098,3990499189535030968,2.0,"7"" Dog Frisbee"
594,GGOEGDHQ015399,5187966439034093084,1.5,26 oz Double Wall Insulated Bottle
595,GGOEGCBB074399,5187966439034093084,1.5,Google Device Holder Sticky Pad
596,GGOEGEVA022399,5187966439034093084,1.5,Micro Wireless Earbud
597,GGOEGAAX0365,3614707430894059857,12.5,Google Women's Scoop Neck Tee Black
598,GGOEGCBQ016499,3614707430894059857,25.0,SPF-15 Slim & Slender Lip Balm
599,GGOEGPJC203399,3614707430894059857,25.0,Crunch Noise Dog Toy
600,GGOEGAAX0366,3614707430894059857,2.5,Google Women's Scoop Neck Tee White
601,GGOEGALB036516,3614707430894059857,22.5,Google Women's Scoop Neck Tee Black
602,GGOEGALQ036616,3614707430894059857,22.5,Google Women's Scoop Neck Tee White
603,GGOEGATJ060516,3614707430894059857,22.5,Google Women's Quilted Insulated Vest White
604,GGOEGAAX0037,5371617068925994598,11.5,Google Sunglasses
605,GGOEGAAJ032616,5371617068925994598,22.5,Google Men's Short Sleeve Badge Tee Charcoal
606,GGOEGFYQ016599,5371617068925994598,22.5,Foam Can and Bottle Cooler
607,GGOEGAAJ032816,5371617068925994598,22.5,Google Men's Long & Lean Tee Charcoal
608,GGOEGHGH019699,5371617068925994598,22.5,Google Sunglasses
609,GGOEGHGC019799,5371617068925994598,22.5,Google Sunglasses
610,GGOEGHGR019499,5371617068925994598,22.5,Google Sunglasses
611,GGOEGHGT019599,5371617068925994598,22.5,Google Sunglasses
612,GGOEGOCD078399,5371617068925994598,22.5,Google Leather Perforated Journal
613,GGOEGAAJ032716,5371617068925994598,22.5,Google Men's Long & Lean Tee Grey
614,GGOEGAAX0341,5926242413751959519,2.0,Google Women's Vintage Hero Tee Black
615,GGOEGAAX0299,5926242413751959519,11.0,Google Women's V-Neck Tee Charcoal
616,GGOEGAEJ029913,5926242413751959519,-2.5,Google Women's V-Neck Tee Charcoal
617,GGOEGFKA022299,8522602120605606432,7.5,Keyboard DOT Sticker
618,GGOEAAEH035214,8522602120605606432,3.5,Android Men's Vintage Henley
619,GGOEGAEJ030815,8522602120605606432,3.5,Google Women's Long Sleeve Blended Cardigan Charcoal
620,GGOEGFAQ016699,8522602120605606432,3.5,Bottle Opener Clip
621,GGOEGAAX0622,8522602120605606432,2.0,Google Infant Short Sleeve Tee White
622,GGOEAAEH035216,8522602120605606432,-2.5,Android Men's Vintage Henley
623,GGOEGAAX0334,0831560334057475229,4.0,Android Men's Long Sleeve Badge Crew Tee Heather
624,GGOEGAAX0338,0831560334057475229,1.5,Google Men's Vintage Badge Tee Black
625,GGOEGCNB021099,0831560334057475229,3.0,Seat Pack Organizer
626,GGOEAAAB034914,0831560334057475229,14.0,Android BTTF Moonshot Graphic Tee
627,GGOEGAAJ032814,0831560334057475229,14.0,Google Men's Long & Lean Tee Charcoal
628,GGOEAAEJ033414,0831560334057475229,14.0,Android Men's Long Sleeve Badge Crew Tee Heather
629,GGOEGFQB013799,6884489731245835935,4.0,Compact Selfie Stick
630,GGOEGODR017799,6884489731245835935,4.0,Recycled Mouse Pad
631,GGOEGAAX0299,6884489731245835935,4.0,Google Women's V-Neck Tee Charcoal
632,GGOEGAAX0278,6884489731245835935,4.0,Google Women's Short Sleeve Hero Tee Black
633,GGOEGAAB010514,6884489731245835935,-2.5,Google Men's 100% Cotton Short Sleeve Hero Tee Black
634,GGOEGAAX0578,1255368394012652243,14.5,Google Women's Performance Full Zip Jacket Black
635,GGOEGAPB057816,1255368394012652243,22.5,Women's Performance Full Zip Jacket Black
636,GGOEGAAX0104,5438506007142109144,5.0,Google Men's 100% Cotton Short Sleeve Hero Tee White
637,GGOEGCNB021099,9355510228956549863,2.5,Seat Pack Organizer
638,GGOEGETB023799,9355510228956549863,2.5,Google Power Bank
639,GGOEGADB059614,9355510228956549863,-2.5,Google Men's Quilted Insulated Vest Black
640,GGOEGBPB081999,9355510228956549863,-2.5,UpCycled Bike Saddle Bag
641,GGOEGATH060714,9355510228956549863,-2.5,Google Women's Convertible Vest-Jacket Sea Foam Green
642,GGOEGAAX0680,2008785002910996057,8.0,Google Youth Baseball Raglan Heather/Black
643,GGOEGAAX0569,2008785002910996057,4.0,Google Men's Performance Full Zip Jacket Black
644,GGOEAFKQ020499,2008785002910996057,33.5,8 pc Android Sticker Sheet
645,GGOEGDHQ015399,2008785002910996057,33.5,26 oz Double Wall Insulated Bottle
646,GGOEGAYB068056,2008785002910996057,29.5,Google Youth Baseball Raglan Heather/Black
647,GGOEGAYB068024,2008785002910996057,29.5,Google Youth Baseball Raglan Heather/Black
648,GGOEGADB056915,2008785002910996057,29.5,Google Men's Performance Full Zip Jacket Black
649,GGOEGATB060214,2008785002910996057,29.5,Google Women's 1/4 Zip Performance Pullover Black
650,GGOEGEVA022399,2284555599203977570,2.0,Micro Wireless Earbud
651,GGOEGALQ034213,2284555599203977570,26.0,Google Women's Vintage Hero Tee White
652,GGOEGAER029713,2284555599203977570,26.0,Google Women's Short Sleeve Hero Tee Red Heather
653,GGOEGETB023799,2284555599203977570,26.0,Google Power Bank
654,GGOEGEVA022399,8841197329105123740,1.5,Micro Wireless Earbud
655,GGOEGBRJ037399,8841197329105123740,2.0,Google Rucksack
656,GGOEGBRJ037299,8841197329105123740,2.0,Google Alpine Style Backpack
657,GGOEYAAJ032515,8841197329105123740,26.0,YouTube Men's Short Sleeve Hero Tee Charcoal
658,GGOEYAFB073115,8841197329105123740,26.0,YouTube Men's Fleece Hoodie Black
659,GGOEGAAX0326,03717831825503026,2.5,Google Men's Short Sleeve Badge Tee Charcoal
660,GGOEGAAJ032616,03717831825503026,33.0,Google Men's Short Sleeve Badge Tee Charcoal
661,GGOEGAAX0338,1868979439923677894,4.5,Google Men's Vintage Badge Tee Black
662,GGOEGAAX0358,1868979439923677894,3.0,Google Men's  Zip Hoodie
663,GGOEAXXX0808,1868979439923677894,3.0,Android Men's Engineer Short Sleeve Tee Charcoal
664,GGOEGESC014099,9249130983722228273,4.0,Rocket Flashlight
665,GGOEGAAX0605,9249130983722228273,2.5,Google Women's Quilted Insulated Vest White
666,GGOEGAAX0580,9249130983722228273,2.5,Google Women's 1/4 Zip Jacket Charcoal
667,GGOEGBRJ037299,076085547156904396,2.0,Google Alpine Style Backpack
668,GGOEAFKQ020599,076085547156904396,4.0,Android Sticker Sheet Ultra Removable
669,GGOEGBMJ013399,076085547156904396,4.0,Sport Bag
670,GGOEGDHC074099,076085547156904396,4.0,Google 17oz Stainless Steel Sport Bottle
671,GGOEGDWR015799,076085547156904396,7.0,Red Shine 15 oz Mug
672,GGOEGAAX0617,6819686597729874393,10.5,Android Onesie Gold
673,GGOEGKWQ060910,6819686597729874393,7.0,Google Bib White
674,GGOEAAWT061748,6819686597729874393,-2.5,Android Onesie Gold
675,GGOEGODR017799,7720463169914643064,9.5,Recycled Mouse Pad
676,GGOEGAAX0781,7720463169914643064,9.5,Google Leather Journal
677,GGOEGOCD078399,7720463169914643064,9.5,Google Leather Perforated Journal
678,GGOEGOCB078299,7720463169914643064,3.5,Google Leather Journal-Black
679,GGOEGAAX0570,9064503463693769960,2.0,Google Men's Short Sleeve Performance Badge Tee Charcoal
680,GGOEGAAX0323,9064503463693769960,2.5,Google Men's Short Sleeve Hero Tee Charcoal
681,GGOEGAAX0338,9064503463693769960,2.0,Google Men's Vintage Badge Tee Black
682,GGOEGAAX0326,9064503463693769960,2.5,Google Men's Short Sleeve Badge Tee Charcoal
683,GGOEGAAX0105,9064503463693769960,2.5,Google Men's 100% Cotton Short Sleeve Hero Tee Black
684,GGOEGAAX0591,2020765393756185156,7.5,Google Men's Short Sleeve Performance Badge Tee Pewter
685,GGOEGAAX0602,2020765393756185156,2.0,Google Women's 1/4 Zip Performance Pullover Black
686,GGOEGAAX0364,2020765393756185156,4.0,Google Women's Tee Grey
687,GGOEGAAJ059114,2020765393756185156,-2.5,Google Men's Short Sleeve Performance Badge Tee Pewter
688,GGOEGAAJ059113,2020765393756185156,3.5,Google Men's Short Sleeve Performance Badge Tee Pewter
689,GGOEGALJ036413,2020765393756185156,3.5,Google Women's Tee Grey
690,GGOEGAAX0366,2020765393756185156,4.0,Google Women's Scoop Neck Tee White
691,GGOEGBRB013899,718640226837019023,2.0,Google Laptop Backpack
692,GGOEGAAX0595,718640226837019023,1.5,Google Men's Microfiber 1/4 Zip Pullover Blue/Indigo
693,GGOEGAAX0037,718640226837019023,1.5,Google Sunglasses
694,GGOEGESQ016799,718640226837019023,1.5,Plastic Sliding Flashlight
695,GGOEGESC014099,718640226837019023,1.5,Rocket Flashlight
696,GGOEGESB015099,718640226837019023,2.0,Basecamp Explorer Powerbank Flashlight
697,GGOEGAAX0104,718640226837019023,4.0,Google Men's 100% Cotton Short Sleeve Hero Tee White
698,GGOEGAAQ010415,718640226837019023,3.5,Google Men's 100% Cotton Short Sleeve Hero Tee White
699,GGOEGOAB022499,1850206187599338645,19.5,Satin Black Ballpoint Pen
700,GGOEGOAB021499,1850206187599338645,2.0,Metal Texture Roller Pen
701,GGOEGAAX0341,11577526465501235,4.0,Google Women's Vintage Hero Tee Black
702,GGOEGAAX0281,11577526465501235,2.5,Google Women's Short Sleeve Badge Tee Grey
703,GGOEGPJC203399,11577526465501235,4.0,Crunch Noise Dog Toy
704,GGOEGOLC013299,11577526465501235,4.0,Spiral Notebook and Pen Set
705,GGOEGCNB021099,11577526465501235,2.0,Seat Pack Organizer
706,GGOEGAAX0037,11577526465501235,2.0,Google Sunglasses
707,GGOEGDHC074099,4871061239735971842,1.5,Google 17oz Stainless Steel Sport Bottle
708,GGOEGDHC015299,4871061239735971842,4.0,23 oz Wide Mouth Sport Bottle
709,GGOEGCNB021099,4871061239735971842,1.5,Seat Pack Organizer
710,GGOEGAAX0602,6403816382362616234,2.5,Google Women's 1/4 Zip Performance Pullover Black
711,GGOEGAAX0341,6403816382362616234,5.0,Google Women's Vintage Hero Tee Black
712,GGOEGALB034113,6403816382362616234,38.0,Google Women's Vintage Hero Tee Black
713,GGOEAAEH035217,6403816382362616234,38.0,Android Men's Vintage Henley
714,GGOEAAEJ035714,6403816382362616234,38.0,Android Men's Vintage Tank
715,GGOEGALB036515,6403816382362616234,38.0,Google Women's Scoop Neck Tee Black
716,GGOEAAEJ030913,6403816382362616234,38.0,Android Women's Long Sleeve Blended Cardigan Grey
717,GGOEGATB060213,6403816382362616234,38.0,Google Women's 1/4 Zip Performance Pullover Black
718,GGOEGAEA030415,6403816382362616234,38.0,Google Womens 3/4 Sleeve Baseball Raglan Heather/Black
719,GGOEGALQ034213,6403816382362616234,38.0,Google Women's Vintage Hero Tee White
720,GGOEGALB034117,6403816382362616234,38.0,Google Women's Vintage Hero Tee Black
721,GGOEGAAJ032814,6403816382362616234,38.0,Google Men's Long & Lean Tee Charcoal
722,GGOEGAAJ032817,6403816382362616234,38.0,Google Men's Long & Lean Tee Charcoal
723,GGOEGALB034115,6403816382362616234,38.0,Google Women's Vintage Hero Tee Black
724,GGOEGOCB017499,1765857025931877948,6.5,Leatherette Journal
725,GGOEAOCB077499,1765857025931877948,2.0,Android RFID Journal
726,GGOEGOCL077699,1765857025931877948,4.0,Google Hard Cover Journal
727,GGOEGESB015099,0203746675575323546,1.5,Basecamp Explorer Powerbank Flashlight
728,GGOEGESB015199,0203746675575323546,1.5,Google Flashlight
729,GGOEGDWR015799,0203746675575323546,2.0,Red Shine 15 oz Mug
730,GGOEGDHR082199,0203746675575323546,2.0,Google 25 oz Red Stainless Steel Bottle
731,GGOEGDHQ015399,0203746675575323546,2.0,26 oz Double Wall Insulated Bottle
732,GGOEGAAX0350,9800325346437826374,2.5,Google Men's Bayside Graphic Tee
733,GGOEGAAX0105,9800325346437826374,2.5,Google Men's 100% Cotton Short Sleeve Hero Tee Black
734,GGOEGAAX0680,9800325346437826374,2.0,Google Youth Baseball Raglan Heather/Black
735,GGOEGAAX0690,9800325346437826374,2.0,Google Youth Short Sleeve Tee White
736,GGOEGAAX0358,9800325346437826374,2.0,Google Men's  Zip Hoodie
737,GGOEGAAC035014,9800325346437826374,22.5,Google Men's Bayside Graphic Tee
738,GGOEGAAB010514,9800325346437826374,22.5,Google Men's 100% Cotton Short Sleeve Hero Tee Black
739,GGOEWCKQ085457,9483363633817181224,3.0,Waze Pack of 9 Decal Set
740,GGOEGFKA022299,9483363633817181224,1.5,Keyboard DOT Sticker
741,GGOEGCNB021099,9483363633817181224,1.5,Seat Pack Organizer
742,GGOEGDHQ015399,9412146594226097241,4.5,26 oz Double Wall Insulated Bottle
743,GGOEGAAX0781,9412146594226097241,2.0,Google Leather Journal
744,GGOEGOCB017499,9412146594226097241,4.5,Leatherette Journal
745,GGOEGOAQ012899,9412146594226097241,7.0,Ballpoint LED Light Pen
746,GGOEGOAB022499,7767487111812238597,6.0,Satin Black Ballpoint Pen
747,GGOEGOAB021499,7767487111812238597,4.0,Metal Texture Roller Pen
748,GGOEGGOA017399,7767487111812238597,2.0,Maze Pen
749,GGOEGBJL013999,8719058463049309640,30.0,Google Canvas Tote Natural/Navy
750,GGOEGDHC074099,8719058463049309640,30.0,Google 17oz Stainless Steel Sport Bottle
751,GGOEYOCR077799,8719058463049309640,30.0,YouTube Hard Cover Journal
752,GGOEGOAQ020099,8719058463049309640,30.0,Four Color Retractable Pen
753,GGOEGEHQ024099,8719058463049309640,28.5,Clip-on Compact Charger
754,GGOEGOCC077999,2419083783587438310,2.0,Google Spiral Journal with Pen
755,GGOEGOLC013299,2419083783587438310,2.0,Spiral Notebook and Pen Set
756,GGOEGOCC077299,2419083783587438310,2.0,Google RFID Journal
757,GGOEGFKA022299,1197204234107154844,2.0,Keyboard DOT Sticker
758,GGOEYFKQ020699,1197204234107154844,5.0,YouTube Custom Decals
759,GGOEGFKQ020399,1197204234107154844,4.5,Google Laptop and Cell Phone Stickers
760,GGOEGAAX0104,8885422469790736188,1.5,Google Men's 100% Cotton Short Sleeve Hero Tee White
761,GGOEGKWQ060910,8885422469790736188,1.5,Google Bib White
762,GGOEGAAX0105,8885422469790736188,1.5,Google Men's 100% Cotton Short Sleeve Hero Tee Black
763,GGOEGEVB070599,8885422469790736188,1.5,Google G Noise-reducing Bluetooth Headphones
764,GGOEGAAX0588,7012549213059932928,1.5,Google Women's Shell Jacket Blue/Black
765,GGOEGAAX0578,7012549213059932928,2.0,Google Women's Performance Full Zip Jacket Black
766,GGOEGAAX0580,7012549213059932928,2.0,Google Women's 1/4 Zip Jacket Charcoal
767,GGOEGAAX0604,7012549213059932928,2.0,Google Women's Quilted Insulated Vest Black
768,GGOEGAAX0596,7012549213059932928,4.0,Google Men's Quilted Insulated Vest Black
769,GGOEGBJL013999,7012549213059932928,7.0,Google Canvas Tote Natural/Navy
770,GGOEGAAX0325,4245538638840698803,19.0,YouTube Men's Short Sleeve Hero Tee Charcoal
771,GGOEYAAJ032514,4245538638840698803,-5.0,YouTube Men's Short Sleeve Hero Tee Charcoal
772,GGOEGAAX0358,8726813153683135107,13.5,Google Men's  Zip Hoodie
773,GGOEGAFB035816,8726813153683135107,8.0,Google Men's  Zip Hoodie
774,GGOEGAFB035817,8726813153683135107,22.5,Google Men's  Zip Hoodie
775,GGOEGBRB013899,2570612937804014178,4.0,Google Laptop Backpack
776,GGOEGAAX0364,5650628204685893274,26.0,Google Women's Tee Grey
777,GGOEGALJ036414,5650628204685893274,14.0,Google Women's Tee Grey
778,GGOEGAAX0350,0843143557737586340,2.5,Google Men's Bayside Graphic Tee
779,GGOEGBJL013999,0843143557737586340,1.5,Google Canvas Tote Natural/Navy
780,GGOEGBJC014399,0843143557737586340,1.5,Google Tote Bag
781,GGOEAOCB077499,0843143557737586340,1.5,Android RFID Journal
782,GGOEGOCC077299,0843143557737586340,2.0,Google RFID Journal
783,GGOEGOBC078699,0843143557737586340,26.5,Google Luggage Tag
784,GGOEGAAX0074,0843143557737586340,4.5,Google 22 oz Water Bottle
785,GGOEGAAC035016,0843143557737586340,22.5,Google Men's Bayside Graphic Tee
786,GGOEGODR017799,0843143557737586340,22.5,Recycled Mouse Pad
787,GGOEGOXQ016399,0843143557737586340,22.5,Badge Holder
788,GGOEGDHC018299,0843143557737586340,22.5,Google 22 oz Water Bottle
789,GGOEGXXX0806,6245888094161327613,2.5,Google Men's Bike Short Sleeve Tee Charcoal
790,GGOEGOCC077999,6245888094161327613,20.0,Google Spiral Journal with Pen
791,GGOEGAAX0328,6245888094161327613,2.5,Google Men's Long & Lean Tee Charcoal
792,GGOEGAAJ080615,6245888094161327613,17.5,Google Men's Bike Short Sleeve Tee Charcoal
793,GGOEGOLC013299,6245888094161327613,17.5,Spiral Notebook and Pen Set
794,GGOEGAAJ032815,6245888094161327613,17.5,Google Men's Long & Lean Tee Charcoal
795,GGOEGBRB013899,36445151010876646,2.0,Google Laptop Backpack
796,GGOEGFKQ020399,36445151010876646,28.5,Google Laptop and Cell Phone Stickers
797,GGOEAFKQ020499,36445151010876646,28.5,8 pc Android Sticker Sheet
798,GGOEGFKQ020799,36445151010876646,28.5,Google Doodle Decal
799,GGOEGBRA037499,36445151010876646,2.0,Waterproof Backpack
800,GGOEGBJC014399,1386018753537268331,0.5,Google Tote Bag
801,GGOEGFKA022299,1386018753537268331,3.5,Keyboard DOT Sticker
802,GGOEGCBB074399,1386018753537268331,3.5,Google Device Holder Sticky Pad
803,GGOEGAAX0037,1386018753537268331,5.0,Google Sunglasses
804,GGOEGKWQ060910,0082784177006211656,1.5,Google Bib White
805,GGOEGKWR060810,0082784177006211656,4.0,Google Bib Red
806,GGOEGAAX0610,0082784177006211656,4.0,Google Onesie Red/Graphite
807,GGOEGAAX0617,0082784177006211656,4.0,Android Onesie Gold
808,GGOEAAWT061748,0082784177006211656,-2.5,Android Onesie Gold
809,GGOEGBJC019999,665925237862575413,2.0,Collapsible Shopping Bag
810,GGOEGBMC056599,665925237862575413,5.0,Waterproof Gear Bag
811,GGOEGBPB082099,665925237862575413,4.0,UpCycled Handlebar Bag
812,GGOEGAAX0746,7603242478269861345,2.5,Google Women's Short Sleeve Badge Tee Navy
813,GGOEGAAX0341,7603242478269861345,2.5,Google Women's Vintage Hero Tee Black
814,GGOEGAAX0281,7603242478269861345,2.5,Google Women's Short Sleeve Badge Tee Grey
815,GGOEGAAX0280,7603242478269861345,2.5,Google Women's Short Sleeve Hero Tee Grey
816,GGOEGAAX0328,7603242478269861345,2.5,Google Men's Long & Lean Tee Charcoal
817,GGOEGAAX0299,7603242478269861345,2.5,Google Women's V-Neck Tee Charcoal
818,GGOEGAAX0365,7603242478269861345,2.5,Google Women's Scoop Neck Tee Black
819,GGOEGAAX0366,7603242478269861345,2.5,Google Women's Scoop Neck Tee White
820,GGOEGAAX0352,7603242478269861345,2.5,Android Men's Vintage Henley
821,GGOEGALL074615,7603242478269861345,-2.5,Google Women's Short Sleeve Badge Tee Navy
822,GGOEGAAX0327,7603242478269861345,2.5,Google Men's Long & Lean Tee Grey
823,GGOEGAAX0334,7603242478269861345,2.5,Android Men's Long Sleeve Badge Crew Tee Heather
824,GGOEGAAX0309,7603242478269861345,2.5,Android Women's Long Sleeve Blended Cardigan Grey
825,GGOEGAEJ029915,7603242478269861345,-2.5,Google Women's V-Neck Tee Charcoal
826,GGOEGALB036515,7603242478269861345,-2.5,Google Women's Scoop Neck Tee Black
827,GGOEYDHJ056099,5108127937752582001,13.0,22 oz YouTube Bottle Infuser
828,GGOEYOCR077799,5108127937752582001,14.0,YouTube Hard Cover Journal
829,GGOEGKAA019299,5108127937752582001,12.0,Switch Tone Color Crayon Pen
830,GGOEYFKQ020699,5108127937752582001,11.5,YouTube Custom Decals
831,GGOEGFKQ020799,5108127937752582001,9.0,Google Doodle Decal
832,GGOEGBJL013999,0126612099954375841,26.5,Google Canvas Tote Natural/Navy
833,GGOEGDHQ015399,0126612099954375841,25.0,26 oz Double Wall Insulated Bottle
834,GGOEGETB023799,0126612099954375841,26.5,Google Power Bank
835,GGOEGOAB021499,0126612099954375841,26.5,Metal Texture Roller Pen
836,GGOEGHPJ080310,0126612099954375841,26.5,Google Blackout Cap
837,GGOEGAAX0781,0126612099954375841,4.0,Google Leather Journal
838,GGOEGAAX0107,0126612099954375841,4.0,Google Men's 100% Cotton Short Sleeve Hero Tee Red
839,GGOEGAAX0280,0126612099954375841,4.0,Google Women's Short Sleeve Hero Tee Grey
840,GGOEGOCB078299,0126612099954375841,22.5,Google Leather Journal-Black
841,GGOEGAAR010715,0126612099954375841,22.5,Google Men's 100% Cotton Short Sleeve Hero Tee Red
842,GGOEGAEJ028015,0126612099954375841,22.5,Google Women's Short Sleeve Hero Tee Grey
843,GGOEGAEJ030814,903671600075470143,-2.5,Google Women's Long Sleeve Blended Cardigan Charcoal
844,GGOEGHPB080410,903671600075470143,-2.5,Google 5-Panel Snapback Cap
845,GGOEAHPJ004314,903671600075470143,-2.5,Android Stretch Fit Hat M/L
846,GGOEGFKA022299,903671600075470143,4.0,Keyboard DOT Sticker
847,GGOEGHPJ080310,903671600075470143,-2.5,Google Blackout Cap
848,GGOEAHPB076114,903671600075470143,-2.5,Android Stretch Fit Hat
849,GGOEGBRA037499,6911303723241317741,2.0,Waterproof Backpack
850,GGOEGBRB013899,6911303723241317741,2.0,Google Laptop Backpack
851,GGOEGBRJ037299,6911303723241317741,2.0,Google Alpine Style Backpack
852,GGOEGAAX0795,6911303723241317741,2.0,25L Classic Rucksack
853,GGOEGBRJ037399,6911303723241317741,2.0,Google Rucksack
854,GGOEGBJL013999,6911303723241317741,2.0,Google Canvas Tote Natural/Navy
855,GGOEGBMJ013399,6911303723241317741,2.0,Sport Bag
856,GGOEGGOA017399,5108127937752582001,4.0,Maze Pen
857,GGOEGAAX0318,9762462603607554817,4.0,YouTube Men's Short Sleeve Hero Tee Black
858,GGOEYOCR077799,9762462603607554817,1.5,YouTube Hard Cover Journal
859,GGOEYHPB072210,9762462603607554817,4.0,YouTube Twill Cap
860,GGOEGAAX0104,9762462603607554817,4.0,Google Men's 100% Cotton Short Sleeve Hero Tee White
861,GGOEGKWR060810,9762462603607554817,4.0,Google Bib Red
862,GGOEGBPB021199,9762462603607554817,3.5,Google Slim Utility Travel Bag
863,GGOEGESB015199,9762462603607554817,1.5,Google Flashlight
864,GGOEGETR014599,9762462603607554817,2.5,Google Tube Power Bank
865,GGOEGEHQ071199,9762462603607554817,0.0,"Google High Capacity 10,400mAh Charger"
866,GGOEGAAJ080615,9762462603607554817,-2.5,Google Men's Bike Short Sleeve Tee Charcoal
867,GGOEGAAX0104,9008243837280281377,4.0,Google Men's 100% Cotton Short Sleeve Hero Tee White
868,GGOEGAAX0358,9008243837280281377,5.5,Google Men's  Zip Hoodie
869,GGOEAXXX0812,9008243837280281377,4.0,Android Men's Take Charge Short Sleeve Tee Purple
870,GGOEGAAX0105,9008243837280281377,4.0,Google Men's 100% Cotton Short Sleeve Hero Tee Black
871,GGOEGHPJ080310,9008243837280281377,33.5,Google Blackout Cap
872,GGOEGAAX0342,9008243837280281377,4.0,Google Women's Vintage Hero Tee White
873,GGOEGBJL013999,9008243837280281377,33.5,Google Canvas Tote Natural/Navy
874,GGOEGAAX0074,9008243837280281377,4.0,Google 22 oz Water Bottle
875,GGOEGAAX0313,9008243837280281377,4.0,Google Tri-blend Hoodie Grey
876,GGOEGAAQ010414,9008243837280281377,29.5,Google Men's 100% Cotton Short Sleeve Hero Tee White
877,GGOEGAFB035814,9008243837280281377,29.5,Google Men's  Zip Hoodie
878,GGOEAAAP081214,9008243837280281377,29.5,Android Men's Take Charge Short Sleeve Tee Purple
879,GGOEGAAB010514,9008243837280281377,29.5,Google Men's 100% Cotton Short Sleeve Hero Tee Black
880,GGOEAAEJ035714,9008243837280281377,29.5,Android Men's Vintage Tank
881,GGOEGALQ034215,9008243837280281377,29.5,Google Women's Vintage Hero Tee White
882,GGOEGDHC018299,9008243837280281377,29.5,Google 22 oz Water Bottle
883,GGOEGAAL010616,9008243837280281377,29.5,Google Men's 100% Cotton Short Sleeve Hero Tee Navy
884,GGOEGAEJ031315,9008243837280281377,29.5,Google Tri-blend Hoodie Grey
885,GGOEGAAX0671,0188308435688462855,5.5,Google Toddler Short Sleeve Tee White
886,GGOEGAAX0334,0188308435688462855,2.5,Android Men's Long Sleeve Badge Crew Tee Heather
887,GGOEGAAX0358,0188308435688462855,2.0,Google Men's  Zip Hoodie
888,GGOEGXXX0806,0188308435688462855,1.5,Google Men's Bike Short Sleeve Tee Charcoal
889,GGOEGESB015199,0188308435688462855,3.5,Google Flashlight
890,GGOEGFKA022299,0188308435688462855,37.0,Keyboard DOT Sticker
891,GGOEGAXQ067129,0188308435688462855,33.0,Google Toddler Short Sleeve Tee White
892,GGOEAAEJ033415,0188308435688462855,33.0,Android Men's Long Sleeve Badge Crew Tee Heather
893,GGOEGAAB033815,0188308435688462855,33.0,Google Men's Vintage Badge Tee Black
894,GGOEGOCD078399,0188308435688462855,8.0,Google Leather Perforated Journal
895,GGOEGEVA022399,3424918216070852195,12.0,Micro Wireless Earbud
896,GGOEGAAX0323,3424918216070852195,2.5,Google Men's Short Sleeve Hero Tee Charcoal
897,GGOEGFYQ016599,3424918216070852195,28.5,Foam Can and Bottle Cooler
898,GGOEGOCC077999,3424918216070852195,28.5,Google Spiral Journal with Pen
899,GGOEGAAX0106,3424918216070852195,2.5,Google Men's 100% Cotton Short Sleeve Hero Tee Navy
900,GGOEGFKQ020799,3424918216070852195,30.5,Google Doodle Decal
901,GGOEGHPB080410,3424918216070852195,26.0,Google 5-Panel Snapback Cap
902,GGOEGAAL010615,3424918216070852195,26.0,Google Men's 100% Cotton Short Sleeve Hero Tee Navy
903,GGOEGBPB021199,008016723867009901,2.0,Google Slim Utility Travel Bag
904,GGOEGBJL013999,008016723867009901,2.0,Google Canvas Tote Natural/Navy
905,GGOEGESC014099,008016723867009901,2.0,Rocket Flashlight
906,GGOEACCQ017299,008016723867009901,2.0,Android Lunch Kit
907,GGOEGDHC074099,008016723867009901,2.0,Google 17oz Stainless Steel Sport Bottle
908,GGOEGESB015099,008016723867009901,2.0,Basecamp Explorer Powerbank Flashlight
909,GGOEGCKQ013199,008016723867009901,2.0,1 oz Hand Sanitizer
910,GGOEGAAX0104,891256389600004515,9.0,Google Men's 100% Cotton Short Sleeve Hero Tee White
911,GGOEGAAX0279,891256389600004515,5.0,Google Women's Short Sleeve Hero Tee White
912,GGOEGDHQ015399,891256389600004515,30.0,26 oz Double Wall Insulated Bottle
913,GGOEGFKQ020399,891256389600004515,30.0,Google Laptop and Cell Phone Stickers
914,GGOEGHPB003410,891256389600004515,2.5,Google Snapback Hat Black
915,GGOEGAAQ010413,891256389600004515,26.0,Google Men's 100% Cotton Short Sleeve Hero Tee White
916,GGOEGAAQ010414,891256389600004515,26.0,Google Men's 100% Cotton Short Sleeve Hero Tee White
917,GGOEGAAQ010415,891256389600004515,26.0,Google Men's 100% Cotton Short Sleeve Hero Tee White
918,GGOEGAEQ027913,891256389600004515,26.0,Google Women's Short Sleeve Hero Tee White
919,GGOEGAEQ027915,891256389600004515,26.0,Google Women's Short Sleeve Hero Tee White
920,GGOEGAAX0602,351681171177883933,2.5,Google Women's 1/4 Zip Performance Pullover Black
921,GGOEAKDH019899,351681171177883933,1.5,Windup Android
922,GGOEGOFH020299,351681171177883933,2.0,Galaxy Screen Cleaning Cloth
923,GGOEACCQ017299,351681171177883933,2.0,Android Lunch Kit
924,GGOEGAAX0579,351681171177883933,4.5,Google Women's Short Sleeve Performance Tee Charcoal
925,GGOEGATB060213,351681171177883933,26.0,Google Women's 1/4 Zip Performance Pullover Black
926,GGOEGALJ057912,351681171177883933,26.0,Google Women's Short Sleeve Performance Tee Charcoal
927,GGOEGAAX0074,2054328967059540069,14.0,Google 22 oz Water Bottle
928,GGOEGAAX0081,2054328967059540069,4.0,Recycled Paper Journal Set
929,GGOEYFKQ020699,2054328967059540069,7.5,YouTube Custom Decals
930,GGOEGBRA037499,2054328967059540069,2.0,Waterproof Backpack
931,GGOEYDHJ056099,2054328967059540069,7.5,22 oz YouTube Bottle Infuser
932,GGOEYOCR077799,2054328967059540069,1.5,YouTube Hard Cover Journal
933,GGOEGDHC018299,2054328967059540069,3.5,Google 22 oz Water Bottle
934,GGOEGDHR018499,2054328967059540069,3.5,Google 22 oz Water Bottle
935,GGOEGOCR017899,2054328967059540069,3.5,Recycled Paper Journal Set
936,GGOEGEVB070599,4794087068727883755,1.5,Google G Noise-reducing Bluetooth Headphones
937,GGOEGOCC077299,4794087068727883755,2.0,Google RFID Journal
938,GGOEGBRB013899,4794087068727883755,2.0,Google Laptop Backpack
939,GGOEGBRA037499,4794087068727883755,3.5,Waterproof Backpack
940,GGOEGBRJ037399,4794087068727883755,2.0,Google Rucksack
941,GGOEGAAX0795,4794087068727883755,2.0,25L Classic Rucksack
942,GGOEGBPB021199,4794087068727883755,2.0,Google Slim Utility Travel Bag
943,GGOEGCMB020932,4794087068727883755,2.0,Suitcase Organizer Cubes
944,GGOEGBCR024399,4794087068727883755,2.0,Google Lunch Bag
945,GGOEGAAX0168,4794087068727883755,2.0,Google Pet Feeding Mat
946,GGOEGBJL013999,0653855261936813301,2.0,Google Canvas Tote Natural/Navy
947,GGOEGBRJ037299,0653855261936813301,2.0,Google Alpine Style Backpack
948,GGOEGAAX0795,0653855261936813301,1.5,25L Classic Rucksack
949,GGOEGBRJ037399,0653855261936813301,2.0,Google Rucksack
950,GGOEGBRB013899,0653855261936813301,2.0,Google Laptop Backpack
951,GGOEGDHQ015399,0653855261936813301,2.0,26 oz Double Wall Insulated Bottle
952,GGOEGOXQ016399,0653855261936813301,4.0,Badge Holder
953,GGOEGOAR013099,0653855261936813301,6.0,Google Stylus Pen w/ LED Light
954,GGOEGOAB021499,0653855261936813301,4.5,Metal Texture Roller Pen
955,GGOEADWQ015699,7012549213059932928,7.5,Android Rise 14 oz Mug
956,GGOEGDHQ015399,7012549213059932928,3.5,26 oz Double Wall Insulated Bottle
957,GGOEGBCR024399,7012549213059932928,1.5,Google Lunch Bag
958,GGOEGBMJ013399,7012549213059932928,1.5,Sport Bag
959,GGOEGOCC077999,7012549213059932928,2.0,Google Spiral Journal with Pen
960,GGOEGAAX0569,8220868147393470497,1.5,Google Men's Performance Full Zip Jacket Black
961,GGOEGAAX0567,8220868147393470497,1.5,Google Men's Softshell Jacket Black/Grey
962,GGOEGAAX0580,8220868147393470497,1.5,Google Women's 1/4 Zip Jacket Charcoal
963,GGOEGBJL013999,8220868147393470497,2.0,Google Canvas Tote Natural/Navy
964,GGOEGOCD078399,720378073621403524,2.5,Google Leather Perforated Journal
965,GGOEGOCC077299,720378073621403524,39.0,Google RFID Journal
966,GGOEAOCB077499,720378073621403524,2.0,Android RFID Journal
967,GGOEGBJC019999,720378073621403524,29.5,Collapsible Shopping Bag
968,GGOEGESQ016799,720378073621403524,28.5,Plastic Sliding Flashlight
969,GGOEGESB015099,720378073621403524,2.0,Basecamp Explorer Powerbank Flashlight
970,GGOEGAAX0313,5772921781547143127,27.0,Google Tri-blend Hoodie Grey
971,GGOEGBJC019999,5772921781547143127,40.5,Collapsible Shopping Bag
972,GGOEGAAX0680,5772921781547143127,4.0,Google Youth Baseball Raglan Heather/Black
973,GGOEGAEJ031315,5772921781547143127,36.5,Google Tri-blend Hoodie Grey
974,GGOEGAEJ031314,5772921781547143127,59.0,Google Tri-blend Hoodie Grey
975,GGOEGAYB068026,5772921781547143127,36.5,Google Youth Baseball Raglan Heather/Black
976,GGOEGBJC014399,5772921781547143127,1.5,Google Tote Bag
977,GGOEGBJL013999,5772921781547143127,37.0,Google Canvas Tote Natural/Navy
978,GGOEYHPB072210,5772921781547143127,37.0,YouTube Twill Cap
979,GGOEGAEJ031316,5772921781547143127,-2.5,Google Tri-blend Hoodie Grey
980,GGOEGDHQ015399,5772921781547143127,1.5,26 oz Double Wall Insulated Bottle
981,GGOEGAEJ031313,5772921781547143127,22.5,Google Tri-blend Hoodie Grey
982,GGOEYAFB073116,5772921781547143127,22.5,YouTube Men's Fleece Hoodie Black
983,GGOEYAFB073113,5772921781547143127,22.5,YouTube Men's Fleece Hoodie Black
984,GGOEGOBG023599,7550413639587874054,14.5,Colored Pencil Set
985,GGOEGGOA017399,7550413639587874054,6.0,Maze Pen
986,GGOEGOAQ018099,7550413639587874054,6.0,Pen Pencil & Highlighter Set
987,GGOEGOCC077299,7550413639587874054,11.0,Google RFID Journal
988,GGOEWEBB082699,7550413639587874054,8.5,Waze Mobile Phone Vent Mount
989,GGOEGCBB074199,7550413639587874054,1.5,Google Car Clip Phone Holder
990,GGOEGAAX0037,7550413639587874054,7.0,Google Sunglasses
991,GGOEGOCD078399,7550413639587874054,2.0,Google Leather Perforated Journal
992,GGOEGOLC014299,7550413639587874054,11.0,Google Metallic Notebook Set
993,GGOEGHGC019799,7550413639587874054,7.0,Google Sunglasses
994,GGOEGBMJ013399,3101662058536674321,28.0,Sport Bag
995,GGOEGCMB020932,3101662058536674321,2.0,Suitcase Organizer Cubes
996,GGOEGBPB021199,3101662058536674321,4.0,Google Slim Utility Travel Bag
997,GGOEGBJC014399,3101662058536674321,1.5,Google Tote Bag
998,GGOEGHPL003214,3101662058536674321,4.0,Google Stretch Fit Hat M/L Navy
999,GGOEGAAX0761,3101662058536674321,2.0,Android Stretch Fit Hat Black
1000,GGOEGAAX0338,3101662058536674321,2.0,Google Men's Vintage Badge Tee Black
1001,GGOEGBCR024399,3101662058536674321,2.0,Google Lunch Bag
1002,GGOEGBRB013899,3754779580225027430,4.0,Google Laptop Backpack
1003,GGOEGBRA037499,3754779580225027430,4.0,Waterproof Backpack
1004,GGOEGBPB021199,3754779580225027430,-2.5,Google Slim Utility Travel Bag
1005,GGOEGCNB021099,3754779580225027430,-2.5,Seat Pack Organizer
1006,GGOEGAAX0280,3754779580225027430,2.5,Google Women's Short Sleeve Hero Tee Grey
1007,GGOEGATB060615,3754779580225027430,-2.5,Google Women's Convertible Vest-Jacket Black
1008,GGOEGAAX0365,3754779580225027430,2.5,Google Women's Scoop Neck Tee Black
1009,GGOEGAEJ028015,3754779580225027430,-2.5,Google Women's Short Sleeve Hero Tee Grey
1010,GGOEGALB034116,3754779580225027430,-2.5,Google Women's Vintage Hero Tee Black
1011,GGOEGAEJ028016,3754779580225027430,-2.5,Google Women's Short Sleeve Hero Tee Grey
1012,GGOEGALB036515,3754779580225027430,-2.5,Google Women's Scoop Neck Tee Black
1013,GGOEGAAX0361,3754779580225027430,1.5,Android Women's Fleece Hoodie
1014,GGOEGAAX0731,3754779580225027430,1.5,YouTube Men's Fleece Hoodie Black
1015,GGOEGOCD078399,9308310352918219134,5.5,Google Leather Perforated Journal
1016,GGOEGAAX0781,9308310352918219134,2.5,Google Leather Journal
1017,GGOEGDHC074099,9308310352918219134,34.0,Google 17oz Stainless Steel Sport Bottle
1018,GGOEGOCC077999,9308310352918219134,36.0,Google Spiral Journal with Pen
1019,GGOEGOLC013299,9308310352918219134,2.0,Spiral Notebook and Pen Set
1020,GGOEGHPB071610,9308310352918219134,2.0,Google Twill Cap
1021,GGOEGHPB003410,9308310352918219134,2.0,Google Snapback Hat Black
1022,GGOEGHPJ080310,9308310352918219134,31.5,Google Blackout Cap
1023,GGOEGOAB022499,9308310352918219134,34.0,Satin Black Ballpoint Pen
1024,GGOEGOCB078299,9308310352918219134,29.5,Google Leather Journal-Black
1025,GGOEGAAX0341,5665035179702438805,9.0,Google Women's Vintage Hero Tee Black
1026,GGOEGALB034113,5665035179702438805,-2.5,Google Women's Vintage Hero Tee Black
1027,GGOEGAAX0761,5665035179702438805,2.5,Android Stretch Fit Hat Black
1028,GGOEGAAX0606,5665035179702438805,6.0,Google Women's Convertible Vest-Jacket Black
1029,GGOEAHPB076113,5665035179702438805,-2.5,Android Stretch Fit Hat
1030,GGOEGBRJ037399,5665035179702438805,2.0,Google Rucksack
1031,GGOEGBRA037499,5665035179702438805,4.5,Waterproof Backpack
1032,GGOEGAAX0795,5665035179702438805,2.0,25L Classic Rucksack
1033,GGOEGBRJ037299,5665035179702438805,2.0,Google Alpine Style Backpack
1034,GGOEGAAX0299,5665035179702438805,2.0,Google Women's V-Neck Tee Charcoal
1035,GGOEGCMB020932,5665035179702438805,2.0,Suitcase Organizer Cubes
1036,GGOEGAAX0306,1933634293342529288,4.0,Google Women's Recycled Fabric Tee
1037,GGOEGCMB020932,1933634293342529288,2.0,Suitcase Organizer Cubes
1038,GGOEGOCC077299,1933634293342529288,10.0,Google RFID Journal
1039,GGOEAOCB077499,1933634293342529288,8.5,Android RFID Journal
1040,GGOEGOLC014299,1933634293342529288,2.0,Google Metallic Notebook Set
1041,GGOEGOCD078399,1933634293342529288,2.0,Google Leather Perforated Journal
1042,GGOEGOCR078499,1933634293342529288,1.5,Google Spiral Leather Journal
1043,GGOEGOBG023599,1933634293342529288,2.0,Colored Pencil Set
1044,GGOEGDHQ015399,1933634293342529288,1.5,26 oz Double Wall Insulated Bottle
1045,GGOEGAAX0278,1933634293342529288,4.0,Google Women's Short Sleeve Hero Tee Black
1046,GGOEGAEB027813,1933634293342529288,-2.5,Google Women's Short Sleeve Hero Tee Black
1047,GGOEADHH055999,1589021726696497303,1.5,22 oz Android Bottle
1048,GGOEGAAX0074,1589021726696497303,8.5,Google 22 oz Water Bottle
1049,GGOEGAAX0081,1589021726696497303,4.5,Recycled Paper Journal Set
1050,GGOEAFKQ020499,1589021726696497303,7.5,8 pc Android Sticker Sheet
1051,GGOEGFKQ020399,1589021726696497303,4.0,Google Laptop and Cell Phone Stickers
1052,GGOEGAAX0338,1589021726696497303,4.5,Google Men's Vintage Badge Tee Black
1053,GGOEGAAX0323,1589021726696497303,1.5,Google Men's Short Sleeve Hero Tee Charcoal
1054,GGOEGAAX0326,1589021726696497303,4.0,Google Men's Short Sleeve Badge Tee Charcoal
1055,GGOEGDHR018499,1589021726696497303,-2.5,Google 22 oz Water Bottle
1056,GGOEGAAJ032614,1589021726696497303,-2.5,Google Men's Short Sleeve Badge Tee Charcoal
1057,GGOEGFKQ020799,1589021726696497303,3.0,Google Doodle Decal
1058,GGOEGODR017799,1589021726696497303,4.0,Recycled Mouse Pad
1059,GGOEACCQ017299,1589021726696497303,1.5,Android Lunch Kit
1060,GGOEGEVA022399,1589021726696497303,1.5,Micro Wireless Earbud
1061,GGOEGAAX0341,1589021726696497303,2.0,Google Women's Vintage Hero Tee Black
1062,GGOEGAAX0304,1589021726696497303,1.5,Google Women's 3/4 Sleeve Baseball Raglan Heather/Black
1063,GGOEGAAX0366,1589021726696497303,2.0,Google Women's Scoop Neck Tee White
1064,GGOEGFKA022299,1589021726696497303,2.0,Keyboard DOT Sticker
1065,GGOEAFKQ020599,1589021726696497303,2.0,Android Sticker Sheet Ultra Removable
1066,GGOEGCMB020932,7420300501523012460,25.0,Suitcase Organizer Cubes
1067,GGOEGBPB021199,7420300501523012460,26.5,Google Slim Utility Travel Bag
1068,GGOEGBMJ013399,7420300501523012460,26.5,Sport Bag
1069,GGOEGBJC019999,7420300501523012460,29.0,Collapsible Shopping Bag
1070,GGOEGBJC014399,7420300501523012460,2.0,Google Tote Bag
1071,GGOEGBJL013999,7420300501523012460,2.0,Google Canvas Tote Natural/Navy
1072,GGOEGBCR024399,7420300501523012460,2.0,Google Lunch Bag
1073,GGOEGFKA022299,7420300501523012460,26.5,Keyboard DOT Sticker
1074,GGOEGCBC074299,7420300501523012460,24.5,Google Device Stand
1075,GGOEGESQ016799,7420300501523012460,26.5,Plastic Sliding Flashlight
1076,GGOEGESC014099,7420300501523012460,26.5,Rocket Flashlight
1077,GGOEGEHQ071199,7420300501523012460,6.0,"Google High Capacity 10,400mAh Charger"
1078,GGOEGEHQ072599,7420300501523012460,2.0,Google 4400mAh Power Bank
1079,GGOEGETB023799,7420300501523012460,30.0,Google Power Bank
1080,GGOEGCNB021099,7420300501523012460,25.0,Seat Pack Organizer
1081,GGOEGAAX0037,7420300501523012460,5.0,Google Sunglasses
1082,GGOEGOXQ016399,7420300501523012460,25.0,Badge Holder
1083,GGOEGKAA019299,7420300501523012460,25.0,Switch Tone Color Crayon Pen
1084,GGOEGOAQ012899,7420300501523012460,25.0,Ballpoint LED Light Pen
1085,GGOEGFQB013799,7420300501523012460,22.5,Compact Selfie Stick
1086,GGOEGODR017799,7420300501523012460,22.5,Recycled Mouse Pad
1087,GGOEGOFH020299,7420300501523012460,22.5,Galaxy Screen Cleaning Cloth
1088,GGOEWEBB082699,7420300501523012460,22.5,Waze Mobile Phone Vent Mount
1089,GGOEGCKQ013199,7420300501523012460,22.5,1 oz Hand Sanitizer
1090,GGOEGFKQ020399,7420300501523012460,22.5,Google Laptop and Cell Phone Stickers
1091,GGOEGFAQ016699,7420300501523012460,22.5,Bottle Opener Clip
1092,GGOEGHGC019799,7420300501523012460,22.5,Google Sunglasses
1093,GGOEGHGR019499,7420300501523012460,22.5,Google Sunglasses
1094,GGOEGAAX0104,7420300501523012460,2.0,Google Men's 100% Cotton Short Sleeve Hero Tee White
1095,GGOEGAAX0320,8016003971239765913,4.0,Android Men's Short Sleeve Hero Tee White
1096,GGOEAXXX0808,8016003971239765913,5.5,Android Men's Engineer Short Sleeve Tee Charcoal
1097,GGOEGAXJ065555,8016003971239765913,-5.0,Google Toddler Short Sleeve T-shirt Grey
1098,GGOEGALL074613,8016003971239765913,-2.5,Google Women's Short Sleeve Badge Tee Navy
1099,GGOEGAAX0104,8016003971239765913,1.5,Google Men's 100% Cotton Short Sleeve Hero Tee White
1100,GGOEGAAX0795,8016003971239765913,2.0,25L Classic Rucksack
1101,GGOEAXXX0812,8016003971239765913,1.5,Android Men's Take Charge Short Sleeve Tee Purple
1102,GGOEGXXX0806,8016003971239765913,6.5,Google Men's Bike Short Sleeve Tee Charcoal
1103,GGOEGAAJ080613,8016003971239765913,-2.5,Google Men's Bike Short Sleeve Tee Charcoal
1104,GGOEGAAJ080615,8016003971239765913,-2.5,Google Men's Bike Short Sleeve Tee Charcoal
1105,GGOEAAAQ032013,8016003971239765913,26.0,Android Men's Short Sleeve Hero Tee White
1106,GGOEGAPB057813,8016003971239765913,26.0,Women's Performance Full Zip Jacket Black
1107,GGOEAAAJ080814,8016003971239765913,26.0,Android Men's Engineer Short Sleeve Tee Charcoal
1108,GGOEGAAX0661,8016003971239765913,6.5,You Tube Toddler Short Sleeve Tee Red
1109,GGOEGAAX0655,8016003971239765913,4.0,Google Toddler Short Sleeve T-shirt Grey
1110,GGOEGAAX0651,8016003971239765913,4.0,Google Toddler Short Sleeve Tee Red
1111,GGOEGAAX0618,8016003971239765913,4.0,Google Infant Short Sleeve Tee Red
1112,GGOEGAAX0619,8016003971239765913,13.5,Google Infant Short Sleeve Tee Royal Blue
1113,GGOEGAAX0620,8016003971239765913,71.0,Google Infant Short Sleeve Tee Green
1114,GGOEGAAX0625,8016003971239765913,7.0,Android Infant Short Sleeve Tee Pewter
1115,GGOEGAAX0617,8016003971239765913,3.0,Android Onesie Gold
1116,GGOEGKWQ060910,8016003971239765913,7.0,Google Bib White
1117,GGOEGKWR060810,8016003971239765913,1.5,Google Bib Red
1118,GGOEGAXR065129,8016003971239765913,-2.5,Google Toddler Short Sleeve Tee Red
1119,GGOEYAXR066128,8016003971239765913,-2.5,You Tube Toddler Short Sleeve Tee Red
1120,GGOEGAAX0622,8016003971239765913,6.0,Google Infant Short Sleeve Tee White
1121,GGOEGAWQ062248,8016003971239765913,-2.5,Google Infant Short Sleeve Tee White
1122,GGOEGAWR061848,8016003971239765913,50.5,Google Infant Short Sleeve Tee Red
1123,GGOEAAWJ062548,8016003971239765913,50.5,Android Infant Short Sleeve Tee Pewter
1124,GGOEYOCR077799,1124739547028739470,221.5,YouTube Hard Cover Journal
1125,GGOEYFKQ020699,6631067223324142886,1.5,YouTube Custom Decals
1126,GGOEYFKQ020699,0620323593193754739,1.5,YouTube Custom Decals
1127,GGOEYFKQ020699,2863022817351466072,1.5,YouTube Custom Decals
1128,GGOEGAAX0318,573154037338008171,1.5,YouTube Men's Short Sleeve Hero Tee Black
1129,GGOEGAAX0330,5517518226296980531,1.5,YouTube Men's Long & Lean Tee Charcoal
1130,GGOEGAAX0290,4239065618754630247,1.5,YouTube Women's Short Sleeve Hero Tee Charcoal
1131,GGOEGAAX0661,4239065618754630247,1.5,You Tube Toddler Short Sleeve Tee Red
1132,GGOEGAAX0661,6935485519887862639,3.0,You Tube Toddler Short Sleeve Tee Red
1133,GGOEYFKQ020699,5449771938159563164,3.0,YouTube Custom Decals
1134,GGOEYFKQ020699,2608714709593599798,1.5,YouTube Custom Decals
1135,GGOEYDHJ056099,2608714709593599798,1.5,22 oz YouTube Bottle Infuser
1136,GGOEGAAX0607,2662180751707142455,1.5,Google Women's Convertible Vest-Jacket Sea Foam Green
1137,GGOEYFKQ020699,1005829299685984449,1.5,YouTube Custom Decals
1138,GGOEGGCX056299,1005829299685984449,1.5,Gift Card - $25.00
1139,GGOEGAAX0351,9644838183145418265,5.0,YouTube Men's Vintage Henley
1140,GGOEGAAX0351,2734804504238901538,3.0,YouTube Men's Vintage Henley
1141,GGOEYFKQ020699,8930667883681133792,1.5,YouTube Custom Decals
1142,GGOEYHPB072210,8930667883681133792,4.5,YouTube Twill Cap
1143,GGOEGOAQ018099,3723888941430883184,3.5,Pen Pencil & Highlighter Set
1144,GGOEGAAX0569,9082216468378814100,4.5,Google Men's Performance Full Zip Jacket Black
1145,GGOEYOCR077799,5642616598374575878,4.5,YouTube Hard Cover Journal
1146,GGOEADHH073999,0379271879231850881,5.5,Android 17oz Stainless Steel Sport Bottle
