,productsku,product_name
0,GGOEGAAX0330,YouTube Men's Long & Lean Tee Charcoal
1,GGOEGETB023799,Google Power Bank
2,GGOEADWQ015699,Android Rise 14 oz Mug
3,GGOEGBRB013899,Google Laptop Backpack
4,GGOEYDHJ056099,22 oz YouTube Bottle Infuser
5,GGOEGBRA037499,Waterproof Backpack
6,GGOEGAAX0338,Google Men's Vintage Badge Tee Black
7,GGOEGBRJ037399,Google Rucksack
8,GGOEGAAX0651,Google Toddler Short Sleeve Tee Red
9,GGOEYFKQ020699,YouTube Custom Decals
10,GGOEWCKQ085457,Waze Pack of 9 Decal Set
11,GGOEGAAX0325,YouTube Men's Short Sleeve Hero Tee Charcoal
12,GGOEGAAX0318,YouTube Men's Short Sleeve Hero Tee Black
13,GGOEYHPB072210,YouTube Twill Cap
14,GGOEGDHQ015399,26 oz Double Wall Insulated Bottle
15,GGOEGDHC074099,Google 17oz Stainless Steel Sport Bottle
16,GGOEGAAX0341,Google Women's Vintage Hero Tee Black
17,GGOEADHH055999,22 oz Android Bottle
18,GGOEGDHC015299,23 oz Wide Mouth Sport Bottle
19,GGOEGOBC078699,Google Luggage Tag
20,GGOEGAAX0104,Google Men's 100% Cotton Short Sleeve Hero Tee White
21,GGOEGAAX0358,Google Men's  Zip Hoodie
22,GGOEGBFC018799,Electronics Accessory Pouch
23,GGOEGDWR015799,Red Shine 15 oz Mug
24,GGOEGOAB021499,Metal Texture Roller Pen
25,GGOEGAAX0592,Google Men's Airflow 1/4 Zip Pullover Black
26,GGOEGAAX0329,Android Men's Long & Lean Badge Tee Charcoal
27,GGOEGAAX0661,You Tube Toddler Short Sleeve Tee Red
28,GGOEGAAX0350,Google Men's Bayside Graphic Tee
29,GGOEGAAX0795,25L Classic Rucksack
30,GGOEGFKA022299,Keyboard DOT Sticker
31,GGOEGAAX0351,YouTube Men's Vintage Henley
32,GGOEGFYQ016599,Foam Can and Bottle Cooler
33,GGOEGEVA022399,Micro Wireless Earbud
34,GGOEGAAX0313,Google Tri-blend Hoodie Grey
35,GGOEGOCC077299,Google RFID Journal
36,GGOEGOCB017499,Leatherette Journal
37,GGOEGALB034113,Google Women's Vintage Hero Tee Black
38,GGOEGAEJ028013,Google Women's Short Sleeve Hero Tee Grey
39,GGOEACCQ017299,Android Lunch Kit
40,GGOEAKDH019899,Windup Android
41,GGOEGHPJ080310,Google Blackout Cap
42,GGOEYOCR077799,YouTube Hard Cover Journal
43,GGOEGGCX056299,Gift Card - $25.00
44,GGOEGOAQ012899,Ballpoint LED Light Pen
45,GGOEGOAQ018099,Pen Pencil & Highlighter Set
46,GGOEGOLC013299,Spiral Notebook and Pen Set
47,GGOEGEHQ071199,"Google High Capacity 10,400mAh Charger"
48,GGOEGFKQ020399,Google Laptop and Cell Phone Stickers
49,GGOEGAAX0290,YouTube Women's Short Sleeve Hero Tee Charcoal
50,GGOEAXXX0808,Android Men's Engineer Short Sleeve Tee Charcoal
51,GGOEGFKQ020799,Google Doodle Decal
52,GGOEGAAX0353,Google Vintage Henley Grey/Black
53,GGOEGAAX0296,YouTube Women's Short Sleeve Tri-blend Badge Tee Grey
54,GGOEGAAX0731,YouTube Men's Fleece Hoodie Black
55,GGOEGAAX0306,Google Women's Recycled Fabric Tee
56,GGOEGAAX0037,Google Sunglasses
57,GGOEGCKQ013199,1 oz Hand Sanitizer
58,GGOEGCNB021099,Seat Pack Organizer
59,GGOEGOAR013099,Google Stylus Pen w/ LED Light
60,GGOEAFKQ020599,Android Sticker Sheet Ultra Removable
61,GGOEGBJC019999,Collapsible Shopping Bag
62,GGOEGAAX0308,Google Women's Long Sleeve Blended Cardigan Charcoal
63,GGOEGAAX0568,Google Men's Watershed Full Zip Hoodie Grey
64,GGOEGAAX0326,Google Men's Short Sleeve Badge Tee Charcoal
65,GGOEGBRJ037299,Google Alpine Style Backpack
66,GGOEGAAX0356,YouTube Men's Vintage Tank
67,GGOEGAAX0593,Google Men's Airflow 1/4 Zip Pullover Lapis
68,GGOEGHPB071610,Google Twill Cap
69,GGOEGAAX0364,Google Women's Tee Grey
70,GGOEGBPB082099,UpCycled Handlebar Bag
71,GGOEYAAJ033015,YouTube Men's Long & Lean Tee Charcoal
72,GGOEGOCR078499,Google Spiral Leather Journal
73,GGOEA0CH077599,Android Hard Cover Journal
74,GGOEAOCB077499,Android RFID Journal
75,GGOEGAAX0304,Google Women's 3/4 Sleeve Baseball Raglan Heather/Black
76,GGOEGXXX0806,Google Men's Bike Short Sleeve Tee Charcoal
77,GGOEWEBB082699,Waze Mobile Phone Vent Mount
78,GGOEGAAX0682,Google Youth Short Sleeve Tee Red
79,GGOEGAAX0320,Android Men's Short Sleeve Hero Tee White
80,GGOEGESB015099,Basecamp Explorer Powerbank Flashlight
81,GGOEYAAB031816,YouTube Men's Short Sleeve Hero Tee Black
82,GGOEWAEA083899,Waze Dress Socks
83,GGOEGFSR022099,Google Kick Ball
84,GGOEGCBC074299,Google Device Stand
85,GGOEGKAA019299,Switch Tone Color Crayon Pen
86,GGOEGAAX0352,Android Men's Vintage Henley
87,GGOEAAEH035215,Android Men's Vintage Henley
88,GGOEGAAX0569,Google Men's Performance Full Zip Jacket Black
89,GGOEGAAX0596,Google Men's Quilted Insulated Vest Black
90,GGOEGAAX0361,Android Women's Fleece Hoodie
91,GGOEGBJL013999,Google Canvas Tote Natural/Navy
92,GGOEGESB015199,Google Flashlight
93,GGOEGODR017799,Recycled Mouse Pad
94,GGOEGEHQ024099,Clip-on Compact Charger
95,GGOEGAAB033814,Google Men's Vintage Badge Tee Black
96,GGOEGAAB033815,Google Men's Vintage Badge Tee Black
97,GGOEGBPB021199,Google Slim Utility Travel Bag
98,GGOEAAEJ033414,Android Men's Long Sleeve Badge Crew Tee Heather
99,GGOEGAAJ032614,Google Men's Short Sleeve Badge Tee Charcoal
100,GGOEGAAX0357,Android Men's Vintage Tank
101,GGOEGBMJ013399,Sport Bag
102,GGOEGAAX0342,Google Women's Vintage Hero Tee White
103,GGOEGAAX0098,"7"" Dog Frisbee"
104,GGOEGAAX0074,Google 22 oz Water Bottle
105,GGOEAXXX0812,Android Men's Take Charge Short Sleeve Tee Purple
106,GGOEAXXX0810,Android Men's Outerstellar Short Sleeve Tee Black
107,GGOEGAAX0680,Google Youth Baseball Raglan Heather/Black
108,GGOEYAAJ033014,YouTube Men's Long & Lean Tee Charcoal
109,GGOEGBJC014399,Google Tote Bag
110,GGOEGFAQ016699,Bottle Opener Clip
111,GGOEGESQ016799,Plastic Sliding Flashlight
112,GGOEGKWR060810,Google Bib Red
113,GGOEGAAX0625,Android Infant Short Sleeve Tee Pewter
114,GGOEGAAX0626,Android Infant Short Sleeve Tee Pink
115,GGOEWFKA083199,Waze Mood Original Window Decal
116,GGOEGPJC019099,7&quot; Dog Frisbee
117,GGOEGADJ056814,Google Men's Watershed Full Zip Hoodie Grey
118,GGOEGAAX0105,Google Men's 100% Cotton Short Sleeve Hero Tee Black
119,GGOEGBMC056599,Waterproof Gear Bag
120,GGOEGAAJ080614,Google Men's Bike Short Sleeve Tee Charcoal
121,GGOEGAAX0671,Google Toddler Short Sleeve Tee White
122,GGOEGHGC019799,Google Sunglasses
123,GGOEGHGR019499,Google Sunglasses
124,GGOEGHGT019599,Google Sunglasses
125,GGOEGAAX0733,Google Women's Short Sleeve Hero Tee Heather
126,GGOEADHH073999,Android 17oz Stainless Steel Sport Bottle
127,GGOEGAAX0299,Google Women's V-Neck Tee Charcoal
128,GGOEGAAX0282,Android Women's Short Sleeve Badge Tee Dark Heather
129,GGOEGEHQ072499,Google 2200mAh Micro Charger
130,GGOEGAAX0278,Google Women's Short Sleeve Hero Tee Black
131,GGOEGOFH020299,Galaxy Screen Cleaning Cloth
132,GGOEGCBB074399,Google Device Holder Sticky Pad
133,GGOEGAAQ010413,Google Men's 100% Cotton Short Sleeve Hero Tee White
134,GGOEGAAQ010415,Google Men's 100% Cotton Short Sleeve Hero Tee White
135,GGOEGAAX0334,Android Men's Long Sleeve Badge Crew Tee Heather
136,GGOEGAAX0578,Google Women's Performance Full Zip Jacket Black
137,GGOEGAAX0607,Google Women's Convertible Vest-Jacket Sea Foam Green
138,GGOEGAAX0761,Android Stretch Fit Hat Black
139,GGOEGOCL077699,Google Hard Cover Journal
140,GGOEGBCR024399,Google Lunch Bag
141,GGOEGOXQ016399,Badge Holder
142,GGOEGOAB022499,Satin Black Ballpoint Pen
143,GGOEYAFB073113,YouTube Men's Fleece Hoodie Black
144,GGOEYAAB031813,YouTube Men's Short Sleeve Hero Tee Black
145,GGOEYAAB031814,YouTube Men's Short Sleeve Hero Tee Black
146,GGOEGGCX056199,Gift Card- $100.00
147,GGOEGAEC033117,Google Men's Long Sleeve Raglan Ocean Blue
148,GGOEGAEC033113,Google Men's Long Sleeve Raglan Ocean Blue
149,GGOEGAAX0690,Google Youth Short Sleeve Tee White
150,GGOEGEVB070599,Google G Noise-reducing Bluetooth Headphones
151,GGOEGAAJ032313,Google Men's Short Sleeve Hero Tee Charcoal
152,GGOEGAAJ032613,Google Men's Short Sleeve Badge Tee Charcoal
153,GGOEAFKQ020499,8 pc Android Sticker Sheet
154,GGOEGALB034114,Google Women's Vintage Hero Tee Black
155,GGOEAHPJ004213,Android Stretch Fit Hat S/M
156,GGOEAAAQ032013,Android Men's Short Sleeve Hero Tee White
157,GGOEAAEH035213,Android Men's Vintage Henley
158,GGOEGAAX0365,Google Women's Scoop Neck Tee Black
159,GGOEWFKA082999,Waze Baby on Board Window Decal
160,GGOEGAAX0606,Google Women's Convertible Vest-Jacket Black
161,GGOEGGOA017399,Maze Pen
162,GGOEGOAQ020099,Four Color Retractable Pen
163,GGOEGCBQ016499,SPF-15 Slim & Slender Lip Balm
164,GGOEGHGH019699,Google Sunglasses
165,GGOEGAAX0106,Google Men's 100% Cotton Short Sleeve Hero Tee Navy
166,GGOEGAAL010614,Google Men's 100% Cotton Short Sleeve Hero Tee Navy
167,GGOEGAAQ010414,Google Men's 100% Cotton Short Sleeve Hero Tee White
168,GGOEGALB036514,Google Women's Scoop Neck Tee Black
169,GGOEAAEJ033413,Android Men's Long Sleeve Badge Crew Tee Heather
170,GGOEGAAX0081,Recycled Paper Journal Set
171,GGOEGAAX0686,YouTube Youth Short Sleeve Tee Red
172,GGOEGHPB080410,Google 5-Panel Snapback Cap
173,GGOEGAAB010515,Google Men's 100% Cotton Short Sleeve Hero Tee Black
174,GGOEGAAX0279,Google Women's Short Sleeve Hero Tee White
175,GGOEAAWN062648,Android Infant Short Sleeve Tee Pink
176,GGOEGALQ036613,Google Women's Scoop Neck Tee White
177,GGOEGAXQ067155,Google Toddler Short Sleeve Tee White
178,GGOEGAYB068025,Google Youth Baseball Raglan Heather/Black
179,GGOEGAYQ069025,Google Youth Short Sleeve Tee White
180,GGOEAHPJ074410,Android Twill Cap
181,GGOEGAAJ032714,Google Men's Long & Lean Tee Grey
182,GGOEGAFB035814,Google Men's  Zip Hoodie
183,GGOEAAAJ080814,Android Men's Engineer Short Sleeve Tee Charcoal
184,GGOEGDHR082199,Google 25 oz Red Stainless Steel Bottle
185,GGOEGOCC077999,Google Spiral Journal with Pen
186,GGOEGAAR010716,Google Men's 100% Cotton Short Sleeve Hero Tee Red
187,GGOEGAAJ032815,Google Men's Long & Lean Tee Charcoal
188,GGOEGATH060717,Google Women's Convertible Vest-Jacket Sea Foam Green
189,GGOEGALQ036616,Google Women's Scoop Neck Tee White
190,GGOEGAAJ032816,Google Men's Long & Lean Tee Charcoal
191,GGOEGOCB078299,Google Leather Journal-Black
192,GGOEGADJ056815,Google Men's Watershed Full Zip Hoodie Grey
193,GGOEGAAL010616,Google Men's 100% Cotton Short Sleeve Hero Tee Navy
194,GGOEGADJ056813,Google Men's Watershed Full Zip Hoodie Grey
195,GGOEAHPA004110,Android Wool Heather Cap Heather/Black
196,GGOEGCBB074199,Google Car Clip Phone Holder
197,GGOEGAAL010613,Google Men's 100% Cotton Short Sleeve Hero Tee Navy
198,GGOEGAAX0567,Google Men's Softshell Jacket Black/Grey
199,GGOEGHPB003410,Google Snapback Hat Black
200,GGOEGAAX0602,Google Women's 1/4 Zip Performance Pullover Black
201,GGOEGATB060213,Google Women's 1/4 Zip Performance Pullover Black
202,GGOEGAAX0617,Android Onesie Gold
203,GGOEGAAX0309,Android Women's Long Sleeve Blended Cardigan Grey
204,GGOEGDHC018299,Google 22 oz Water Bottle
205,GGOEGPJC203399,Crunch Noise Dog Toy
206,GGOEGAAX0366,Google Women's Scoop Neck Tee White
207,GGOEGALB036516,Google Women's Scoop Neck Tee Black
208,GGOEGATJ060516,Google Women's Quilted Insulated Vest White
209,GGOEGAAJ032616,Google Men's Short Sleeve Badge Tee Charcoal
210,GGOEGOCD078399,Google Leather Perforated Journal
211,GGOEGAAJ032716,Google Men's Long & Lean Tee Grey
212,GGOEGAEJ029913,Google Women's V-Neck Tee Charcoal
213,GGOEAAEH035214,Android Men's Vintage Henley
214,GGOEGAEJ030815,Google Women's Long Sleeve Blended Cardigan Charcoal
215,GGOEGAAX0622,Google Infant Short Sleeve Tee White
216,GGOEAAEH035216,Android Men's Vintage Henley
217,GGOEAAAB034914,Android BTTF Moonshot Graphic Tee
218,GGOEGAAJ032814,Google Men's Long & Lean Tee Charcoal
219,GGOEGFQB013799,Compact Selfie Stick
220,GGOEGAAB010514,Google Men's 100% Cotton Short Sleeve Hero Tee Black
221,GGOEGAPB057816,Women's Performance Full Zip Jacket Black
222,GGOEGADB059614,Google Men's Quilted Insulated Vest Black
223,GGOEGBPB081999,UpCycled Bike Saddle Bag
224,GGOEGATH060714,Google Women's Convertible Vest-Jacket Sea Foam Green
225,GGOEGAYB068056,Google Youth Baseball Raglan Heather/Black
226,GGOEGAYB068024,Google Youth Baseball Raglan Heather/Black
227,GGOEGADB056915,Google Men's Performance Full Zip Jacket Black
228,GGOEGATB060214,Google Women's 1/4 Zip Performance Pullover Black
229,GGOEGALQ034213,Google Women's Vintage Hero Tee White
230,GGOEGAER029713,Google Women's Short Sleeve Hero Tee Red Heather
231,GGOEYAAJ032515,YouTube Men's Short Sleeve Hero Tee Charcoal
232,GGOEYAFB073115,YouTube Men's Fleece Hoodie Black
233,GGOEGESC014099,Rocket Flashlight
234,GGOEGAAX0605,Google Women's Quilted Insulated Vest White
235,GGOEGAAX0580,Google Women's 1/4 Zip Jacket Charcoal
236,GGOEGKWQ060910,Google Bib White
237,GGOEAAWT061748,Android Onesie Gold
238,GGOEGAAX0781,Google Leather Journal
239,GGOEGAAX0570,Google Men's Short Sleeve Performance Badge Tee Charcoal
240,GGOEGAAX0323,Google Men's Short Sleeve Hero Tee Charcoal
241,GGOEGAAX0591,Google Men's Short Sleeve Performance Badge Tee Pewter
242,GGOEGAAJ059114,Google Men's Short Sleeve Performance Badge Tee Pewter
243,GGOEGAAJ059113,Google Men's Short Sleeve Performance Badge Tee Pewter
244,GGOEGALJ036413,Google Women's Tee Grey
245,GGOEGAAX0595,Google Men's Microfiber 1/4 Zip Pullover Blue/Indigo
246,GGOEGAAX0281,Google Women's Short Sleeve Badge Tee Grey
247,GGOEAAEH035217,Android Men's Vintage Henley
248,GGOEAAEJ035714,Android Men's Vintage Tank
249,GGOEGALB036515,Google Women's Scoop Neck Tee Black
250,GGOEAAEJ030913,Android Women's Long Sleeve Blended Cardigan Grey
251,GGOEGAEA030415,Google Womens 3/4 Sleeve Baseball Raglan Heather/Black
252,GGOEGALB034117,Google Women's Vintage Hero Tee Black
253,GGOEGAAJ032817,Google Men's Long & Lean Tee Charcoal
254,GGOEGALB034115,Google Women's Vintage Hero Tee Black
255,GGOEGAAC035014,Google Men's Bayside Graphic Tee
256,GGOEGAAX0588,Google Women's Shell Jacket Blue/Black
257,GGOEGAAX0604,Google Women's Quilted Insulated Vest Black
258,GGOEYAAJ032514,YouTube Men's Short Sleeve Hero Tee Charcoal
259,GGOEGAFB035816,Google Men's  Zip Hoodie
260,GGOEGAFB035817,Google Men's  Zip Hoodie
261,GGOEGALJ036414,Google Women's Tee Grey
262,GGOEGAAC035016,Google Men's Bayside Graphic Tee
263,GGOEGAAX0328,Google Men's Long & Lean Tee Charcoal
264,GGOEGAAJ080615,Google Men's Bike Short Sleeve Tee Charcoal
265,GGOEGAAX0610,Google Onesie Red/Graphite
266,GGOEGAAX0746,Google Women's Short Sleeve Badge Tee Navy
267,GGOEGAAX0280,Google Women's Short Sleeve Hero Tee Grey
268,GGOEGALL074615,Google Women's Short Sleeve Badge Tee Navy
269,GGOEGAAX0327,Google Men's Long & Lean Tee Grey
270,GGOEGAEJ029915,Google Women's V-Neck Tee Charcoal
271,GGOEGAAX0107,Google Men's 100% Cotton Short Sleeve Hero Tee Red
272,GGOEGAAR010715,Google Men's 100% Cotton Short Sleeve Hero Tee Red
273,GGOEGAEJ028015,Google Women's Short Sleeve Hero Tee Grey
274,GGOEGAEJ030814,Google Women's Long Sleeve Blended Cardigan Charcoal
275,GGOEAHPJ004314,Android Stretch Fit Hat M/L
276,GGOEAHPB076114,Android Stretch Fit Hat
277,GGOEGETR014599,Google Tube Power Bank
278,GGOEAAAP081214,Android Men's Take Charge Short Sleeve Tee Purple
279,GGOEGALQ034215,Google Women's Vintage Hero Tee White
280,GGOEGAEJ031315,Google Tri-blend Hoodie Grey
281,GGOEGAXQ067129,Google Toddler Short Sleeve Tee White
282,GGOEAAEJ033415,Android Men's Long Sleeve Badge Crew Tee Heather
283,GGOEGAAL010615,Google Men's 100% Cotton Short Sleeve Hero Tee Navy
284,GGOEGAEQ027913,Google Women's Short Sleeve Hero Tee White
285,GGOEGAEQ027915,Google Women's Short Sleeve Hero Tee White
286,GGOEGAAX0579,Google Women's Short Sleeve Performance Tee Charcoal
287,GGOEGALJ057912,Google Women's Short Sleeve Performance Tee Charcoal
288,GGOEGDHR018499,Google 22 oz Water Bottle
289,GGOEGOCR017899,Recycled Paper Journal Set
290,GGOEGCMB020932,Suitcase Organizer Cubes
291,GGOEGAAX0168,Google Pet Feeding Mat
292,GGOEGAEJ031314,Google Tri-blend Hoodie Grey
293,GGOEGAYB068026,Google Youth Baseball Raglan Heather/Black
294,GGOEGAEJ031316,Google Tri-blend Hoodie Grey
295,GGOEGAEJ031313,Google Tri-blend Hoodie Grey
296,GGOEYAFB073116,YouTube Men's Fleece Hoodie Black
297,GGOEGOBG023599,Colored Pencil Set
298,GGOEGOLC014299,Google Metallic Notebook Set
299,GGOEGHPL003214,Google Stretch Fit Hat M/L Navy
300,GGOEGATB060615,Google Women's Convertible Vest-Jacket Black
301,GGOEGALB034116,Google Women's Vintage Hero Tee Black
302,GGOEGAEJ028016,Google Women's Short Sleeve Hero Tee Grey
303,GGOEAHPB076113,Android Stretch Fit Hat
304,GGOEGAEB027813,Google Women's Short Sleeve Hero Tee Black
305,GGOEGEHQ072599,Google 4400mAh Power Bank
306,GGOEGAXJ065555,Google Toddler Short Sleeve T-shirt Grey
307,GGOEGALL074613,Google Women's Short Sleeve Badge Tee Navy
308,GGOEGAAJ080613,Google Men's Bike Short Sleeve Tee Charcoal
309,GGOEGAPB057813,Women's Performance Full Zip Jacket Black
310,GGOEGAAX0655,Google Toddler Short Sleeve T-shirt Grey
311,GGOEGAAX0618,Google Infant Short Sleeve Tee Red
312,GGOEGAAX0619,Google Infant Short Sleeve Tee Royal Blue
313,GGOEGAAX0620,Google Infant Short Sleeve Tee Green
314,GGOEGAXR065129,Google Toddler Short Sleeve Tee Red
315,GGOEYAXR066128,You Tube Toddler Short Sleeve Tee Red
316,GGOEGAWQ062248,Google Infant Short Sleeve Tee White
317,GGOEGAWR061848,Google Infant Short Sleeve Tee Red
318,GGOEAAWJ062548,Android Infant Short Sleeve Tee Pewter
